"","state","mode","date","month","day","year","value"
"745","al","month","1/1/2013","1","1","2013","7"
"746","al","month","2/1/2013","2","1","2013","10"
"747","al","month","3/1/2013","3","1","2013","27"
"748","al","month","4/1/2013","4","1","2013","54"
"749","al","month","5/1/2013","5","1","2013","66"
"750","al","month","6/1/2013","6","1","2013","76"
"751","al","month","7/1/2013","7","1","2013","38"
"752","al","month","8/1/2013","8","1","2013","25"
"753","al","month","9/1/2013","9","1","2013","9"
"754","al","month","10/1/2013","10","1","2013","8"
"755","al","month","11/1/2013","11","1","2013","9"
"756","al","month","12/1/2013","12","1","2013","10"
"757","al","month","1/1/2014","1","1","2014","7"
"758","al","month","2/1/2014","2","1","2014","7"
"759","al","month","3/1/2014","3","1","2014","28"
"760","al","month","4/1/2014","4","1","2014","50"
"761","al","month","5/1/2014","5","1","2014","67"
"762","al","month","6/1/2014","6","1","2014","98"
"763","al","month","7/1/2014","7","1","2014","71"
"764","al","month","8/1/2014","8","1","2014","24"
"765","al","month","9/1/2014","9","1","2014","14"
"766","al","month","10/1/2014","10","1","2014","11"
"767","al","month","11/1/2014","11","1","2014","16"
"768","al","month","12/1/2014","12","1","2014","22"
"769","al","month","1/1/2015","1","1","2015","27"
"770","al","month","2/1/2015","2","1","2015","33"
"771","al","month","3/1/2015","3","1","2015","38"
"772","al","month","4/1/2015","4","1","2015","36"
"773","al","month","5/1/2015","5","1","2015","70"
"774","al","month","6/1/2015","6","1","2015","100"
"775","al","month","7/1/2015","7","1","2015","54"
"776","al","month","8/1/2015","8","1","2015","24"
"777","al","month","9/1/2015","9","1","2015","13"
"778","al","month","10/1/2015","10","1","2015","9"
"779","al","month","11/1/2015","11","1","2015","7"
"780","al","month","12/1/2015","12","1","2015","7"
"781","al","month","1/1/2016","1","1","2016","7"
"782","al","month","2/1/2016","2","1","2016","7"
"783","al","month","3/1/2016","3","1","2016","22"
"1027","az","month","1/1/2012","1","1","2012","7"
"1028","az","month","2/1/2012","2","1","2012","13"
"1029","az","month","3/1/2012","3","1","2012","29"
"1030","az","month","4/1/2012","4","1","2012","47"
"1031","az","month","5/1/2012","5","1","2012","68"
"1032","az","month","6/1/2012","6","1","2012","83"
"1033","az","month","7/1/2012","7","1","2012","61"
"1034","az","month","8/1/2012","8","1","2012","36"
"1035","az","month","9/1/2012","9","1","2012","20"
"1036","az","month","10/1/2012","10","1","2012","11"
"1037","az","month","11/1/2012","11","1","2012","8"
"1038","az","month","12/1/2012","12","1","2012","8"
"1039","az","month","1/1/2013","1","1","2013","9"
"1040","az","month","2/1/2013","2","1","2013","11"
"1041","az","month","3/1/2013","3","1","2013","31"
"1042","az","month","4/1/2013","4","1","2013","40"
"1043","az","month","5/1/2013","5","1","2013","52"
"1044","az","month","6/1/2013","6","1","2013","81"
"1045","az","month","7/1/2013","7","1","2013","65"
"1046","az","month","8/1/2013","8","1","2013","34"
"1047","az","month","9/1/2013","9","1","2013","22"
"1048","az","month","10/1/2013","10","1","2013","10"
"1049","az","month","11/1/2013","11","1","2013","8"
"1050","az","month","12/1/2013","12","1","2013","7"
"1051","az","month","1/1/2014","1","1","2014","7"
"1052","az","month","2/1/2014","2","1","2014","12"
"1053","az","month","3/1/2014","3","1","2014","32"
"1054","az","month","4/1/2014","4","1","2014","34"
"1055","az","month","5/1/2014","5","1","2014","53"
"1056","az","month","6/1/2014","6","1","2014","100"
"1057","az","month","7/1/2014","7","1","2014","85"
"1058","az","month","8/1/2014","8","1","2014","39"
"1059","az","month","9/1/2014","9","1","2014","27"
"1060","az","month","10/1/2014","10","1","2014","11"
"1061","az","month","11/1/2014","11","1","2014","9"
"1062","az","month","12/1/2014","12","1","2014","7"
"1063","az","month","1/1/2015","1","1","2015","8"
"1064","az","month","2/1/2015","2","1","2015","13"
"1065","az","month","3/1/2015","3","1","2015","37"
"1066","az","month","4/1/2015","4","1","2015","28"
"1067","az","month","5/1/2015","5","1","2015","38"
"1068","az","month","6/1/2015","6","1","2015","80"
"1069","az","month","7/1/2015","7","1","2015","82"
"1070","az","month","8/1/2015","8","1","2015","44"
"1071","az","month","9/1/2015","9","1","2015","24"
"1072","az","month","10/1/2015","10","1","2015","10"
"1073","az","month","11/1/2015","11","1","2015","6"
"1074","az","month","12/1/2015","12","1","2015","6"
"1075","az","month","1/1/2016","1","1","2016","8"
"1076","az","month","2/1/2016","2","1","2016","12"
"1077","az","month","3/1/2016","3","1","2016","0"
"1822","co","month","1/1/2013","1","1","2013","4"
"1823","co","month","2/1/2013","2","1","2013","6"
"1824","co","month","3/1/2013","3","1","2013","15"
"1825","co","month","4/1/2013","4","1","2013","28"
"1826","co","month","5/1/2013","5","1","2013","42"
"1827","co","month","6/1/2013","6","1","2013","73"
"1828","co","month","7/1/2013","7","1","2013","46"
"1829","co","month","8/1/2013","8","1","2013","18"
"1830","co","month","9/1/2013","9","1","2013","13"
"1831","co","month","10/1/2013","10","1","2013","4"
"1832","co","month","11/1/2013","11","1","2013","4"
"1833","co","month","12/1/2013","12","1","2013","4"
"1834","co","month","1/1/2014","1","1","2014","5"
"1835","co","month","2/1/2014","2","1","2014","4"
"1836","co","month","3/1/2014","3","1","2014","19"
"1837","co","month","4/1/2014","4","1","2014","23"
"1838","co","month","5/1/2014","5","1","2014","48"
"1839","co","month","6/1/2014","6","1","2014","82"
"1840","co","month","7/1/2014","7","1","2014","63"
"1841","co","month","8/1/2014","8","1","2014","28"
"1842","co","month","9/1/2014","9","1","2014","14"
"1843","co","month","10/1/2014","10","1","2014","8"
"1844","co","month","11/1/2014","11","1","2014","4"
"1845","co","month","12/1/2014","12","1","2014","4"
"1846","co","month","1/1/2015","1","1","2015","5"
"1847","co","month","2/1/2015","2","1","2015","6"
"1848","co","month","3/1/2015","3","1","2015","28"
"1849","co","month","4/1/2015","4","1","2015","18"
"1850","co","month","5/1/2015","5","1","2015","26"
"1851","co","month","6/1/2015","6","1","2015","100"
"1852","co","month","7/1/2015","7","1","2015","61"
"1853","co","month","8/1/2015","8","1","2015","29"
"1854","co","month","9/1/2015","9","1","2015","12"
"1855","co","month","10/1/2015","10","1","2015","6"
"1856","co","month","11/1/2015","11","1","2015","5"
"1857","co","month","12/1/2015","12","1","2015","5"
"1858","co","month","1/1/2016","1","1","2016","5"
"1859","co","month","2/1/2016","2","1","2016","8"
"1860","co","month","3/1/2016","3","1","2016","0"
"1969","ct","month","1/1/2013","1","1","2013","7"
"1970","ct","month","2/1/2013","2","1","2013","10"
"1971","ct","month","3/1/2013","3","1","2013","13"
"1972","ct","month","4/1/2013","4","1","2013","30"
"1973","ct","month","5/1/2013","5","1","2013","32"
"1974","ct","month","6/1/2013","6","1","2013","100"
"1975","ct","month","7/1/2013","7","1","2013","93"
"1976","ct","month","8/1/2013","8","1","2013","39"
"1977","ct","month","9/1/2013","9","1","2013","9"
"1978","ct","month","10/1/2013","10","1","2013","0"
"1979","ct","month","11/1/2013","11","1","2013","0"
"1980","ct","month","12/1/2013","12","1","2013","0"
"1981","ct","month","1/1/2014","1","1","2014","0"
"1982","ct","month","2/1/2014","2","1","2014","0"
"1983","ct","month","3/1/2014","3","1","2014","12"
"1984","ct","month","4/1/2014","4","1","2014","15"
"1985","ct","month","5/1/2014","5","1","2014","31"
"1986","ct","month","6/1/2014","6","1","2014","95"
"1987","ct","month","7/1/2014","7","1","2014","70"
"1988","ct","month","8/1/2014","8","1","2014","29"
"1989","ct","month","9/1/2014","9","1","2014","15"
"1990","ct","month","10/1/2014","10","1","2014","0"
"1991","ct","month","11/1/2014","11","1","2014","0"
"1992","ct","month","12/1/2014","12","1","2014","0"
"1993","ct","month","1/1/2015","1","1","2015","0"
"1994","ct","month","2/1/2015","2","1","2015","0"
"1995","ct","month","3/1/2015","3","1","2015","15"
"1996","ct","month","4/1/2015","4","1","2015","22"
"1997","ct","month","5/1/2015","5","1","2015","58"
"1998","ct","month","6/1/2015","6","1","2015","65"
"1999","ct","month","7/1/2015","7","1","2015","76"
"2000","ct","month","8/1/2015","8","1","2015","41"
"2001","ct","month","9/1/2015","9","1","2015","14"
"2002","ct","month","10/1/2015","10","1","2015","0"
"2003","ct","month","11/1/2015","11","1","2015","0"
"2004","ct","month","12/1/2015","12","1","2015","0"
"2005","ct","month","1/1/2016","1","1","2016","0"
"2006","ct","month","2/1/2016","2","1","2016","0"
"2007","ct","month","3/1/2016","3","1","2016","0"
"4171","hi","month","1/1/2013","1","1","2013","11"
"4172","hi","month","2/1/2013","2","1","2013","18"
"4173","hi","month","3/1/2013","3","1","2013","32"
"4174","hi","month","4/1/2013","4","1","2013","41"
"4175","hi","month","5/1/2013","5","1","2013","52"
"4176","hi","month","6/1/2013","6","1","2013","67"
"4177","hi","month","7/1/2013","7","1","2013","60"
"4178","hi","month","8/1/2013","8","1","2013","51"
"4179","hi","month","9/1/2013","9","1","2013","31"
"4180","hi","month","10/1/2013","10","1","2013","14"
"4181","hi","month","11/1/2013","11","1","2013","9"
"4182","hi","month","12/1/2013","12","1","2013","9"
"4183","hi","month","1/1/2014","1","1","2014","9"
"4184","hi","month","2/1/2014","2","1","2014","15"
"4185","hi","month","3/1/2014","3","1","2014","38"
"4186","hi","month","4/1/2014","4","1","2014","31"
"4187","hi","month","5/1/2014","5","1","2014","44"
"4188","hi","month","6/1/2014","6","1","2014","70"
"4189","hi","month","7/1/2014","7","1","2014","88"
"4190","hi","month","8/1/2014","8","1","2014","43"
"4191","hi","month","9/1/2014","9","1","2014","20"
"4192","hi","month","10/1/2014","10","1","2014","12"
"4193","hi","month","11/1/2014","11","1","2014","6"
"4194","hi","month","12/1/2014","12","1","2014","6"
"4195","hi","month","1/1/2015","1","1","2015","9"
"4196","hi","month","2/1/2015","2","1","2015","16"
"4197","hi","month","3/1/2015","3","1","2015","29"
"4198","hi","month","4/1/2015","4","1","2015","25"
"4199","hi","month","5/1/2015","5","1","2015","27"
"4200","hi","month","6/1/2015","6","1","2015","61"
"4201","hi","month","7/1/2015","7","1","2015","100"
"4202","hi","month","8/1/2015","8","1","2015","72"
"4203","hi","month","9/1/2015","9","1","2015","37"
"4204","hi","month","10/1/2015","10","1","2015","22"
"4205","hi","month","11/1/2015","11","1","2015","14"
"4206","hi","month","12/1/2015","12","1","2015","12"
"4207","hi","month","1/1/2016","1","1","2016","13"
"4208","hi","month","2/1/2016","2","1","2016","29"
"4209","hi","month","3/1/2016","3","1","2016","66"
"5737","in","month","1/1/2013","1","1","2013","7"
"5738","in","month","2/1/2013","2","1","2013","9"
"5739","in","month","3/1/2013","3","1","2013","11"
"5740","in","month","4/1/2013","4","1","2013","18"
"5741","in","month","5/1/2013","5","1","2013","41"
"5742","in","month","6/1/2013","6","1","2013","79"
"5743","in","month","7/1/2013","7","1","2013","52"
"5744","in","month","8/1/2013","8","1","2013","24"
"5745","in","month","9/1/2013","9","1","2013","9"
"5746","in","month","10/1/2013","10","1","2013","6"
"5747","in","month","11/1/2013","11","1","2013","6"
"5748","in","month","12/1/2013","12","1","2013","6"
"5749","in","month","1/1/2014","1","1","2014","6"
"5750","in","month","2/1/2014","2","1","2014","6"
"5751","in","month","3/1/2014","3","1","2014","12"
"5752","in","month","4/1/2014","4","1","2014","33"
"5753","in","month","5/1/2014","5","1","2014","49"
"5754","in","month","6/1/2014","6","1","2014","100"
"5755","in","month","7/1/2014","7","1","2014","45"
"5756","in","month","8/1/2014","8","1","2014","18"
"5757","in","month","9/1/2014","9","1","2014","9"
"5758","in","month","10/1/2014","10","1","2014","5"
"5759","in","month","11/1/2014","11","1","2014","6"
"5760","in","month","12/1/2014","12","1","2014","6"
"5761","in","month","1/1/2015","1","1","2015","7"
"5762","in","month","2/1/2015","2","1","2015","6"
"5763","in","month","3/1/2015","3","1","2015","10"
"5764","in","month","4/1/2015","4","1","2015","23"
"5765","in","month","5/1/2015","5","1","2015","45"
"5766","in","month","6/1/2015","6","1","2015","70"
"5767","in","month","7/1/2015","7","1","2015","58"
"5768","in","month","8/1/2015","8","1","2015","26"
"5769","in","month","9/1/2015","9","1","2015","9"
"5770","in","month","10/1/2015","10","1","2015","6"
"5771","in","month","11/1/2015","11","1","2015","6"
"5772","in","month","12/1/2015","12","1","2015","7"
"5773","in","month","1/1/2016","1","1","2016","6"
"5774","in","month","2/1/2016","2","1","2016","5"
"5775","in","month","3/1/2016","3","1","2016","0"
"6031","ky","month","1/1/2013","1","1","2013","9"
"6032","ky","month","2/1/2013","2","1","2013","9"
"6033","ky","month","3/1/2013","3","1","2013","8"
"6034","ky","month","4/1/2013","4","1","2013","23"
"6035","ky","month","5/1/2013","5","1","2013","60"
"6036","ky","month","6/1/2013","6","1","2013","80"
"6037","ky","month","7/1/2013","7","1","2013","43"
"6038","ky","month","8/1/2013","8","1","2013","14"
"6039","ky","month","9/1/2013","9","1","2013","12"
"6040","ky","month","10/1/2013","10","1","2013","5"
"6041","ky","month","11/1/2013","11","1","2013","5"
"6042","ky","month","12/1/2013","12","1","2013","5"
"6043","ky","month","1/1/2014","1","1","2014","5"
"6044","ky","month","2/1/2014","2","1","2014","5"
"6045","ky","month","3/1/2014","3","1","2014","9"
"6046","ky","month","4/1/2014","4","1","2014","32"
"6047","ky","month","5/1/2014","5","1","2014","51"
"6048","ky","month","6/1/2014","6","1","2014","100"
"6049","ky","month","7/1/2014","7","1","2014","44"
"6050","ky","month","8/1/2014","8","1","2014","15"
"6051","ky","month","9/1/2014","9","1","2014","9"
"6052","ky","month","10/1/2014","10","1","2014","5"
"6053","ky","month","11/1/2014","11","1","2014","5"
"6054","ky","month","12/1/2014","12","1","2014","5"
"6055","ky","month","1/1/2015","1","1","2015","5"
"6056","ky","month","2/1/2015","2","1","2015","5"
"6057","ky","month","3/1/2015","3","1","2015","17"
"6058","ky","month","4/1/2015","4","1","2015","28"
"6059","ky","month","5/1/2015","5","1","2015","59"
"6060","ky","month","6/1/2015","6","1","2015","91"
"6061","ky","month","7/1/2015","7","1","2015","52"
"6062","ky","month","8/1/2015","8","1","2015","21"
"6063","ky","month","9/1/2015","9","1","2015","8"
"6064","ky","month","10/1/2015","10","1","2015","8"
"6065","ky","month","11/1/2015","11","1","2015","7"
"6066","ky","month","12/1/2015","12","1","2015","7"
"6067","ky","month","1/1/2016","1","1","2016","0"
"6068","ky","month","2/1/2016","2","1","2016","0"
"6069","ky","month","3/1/2016","3","1","2016","0"
"6190","la","month","1/1/2014","1","1","2014","18"
"6191","la","month","2/1/2014","2","1","2014","20"
"6192","la","month","3/1/2014","3","1","2014","21"
"6193","la","month","4/1/2014","4","1","2014","60"
"6194","la","month","5/1/2014","5","1","2014","65"
"6195","la","month","6/1/2014","6","1","2014","100"
"6196","la","month","7/1/2014","7","1","2014","70"
"6197","la","month","8/1/2014","8","1","2014","29"
"6198","la","month","9/1/2014","9","1","2014","17"
"6199","la","month","10/1/2014","10","1","2014","9"
"6200","la","month","11/1/2014","11","1","2014","13"
"6201","la","month","12/1/2014","12","1","2014","16"
"6202","la","month","1/1/2015","1","1","2015","20"
"6203","la","month","2/1/2015","2","1","2015","23"
"6204","la","month","3/1/2015","3","1","2015","27"
"6205","la","month","4/1/2015","4","1","2015","33"
"6206","la","month","5/1/2015","5","1","2015","48"
"6207","la","month","6/1/2015","6","1","2015","73"
"6208","la","month","7/1/2015","7","1","2015","69"
"6209","la","month","8/1/2015","8","1","2015","35"
"6210","la","month","9/1/2015","9","1","2015","18"
"6211","la","month","10/1/2015","10","1","2015","9"
"6212","la","month","11/1/2015","11","1","2015","10"
"6213","la","month","12/1/2015","12","1","2015","11"
"6214","la","month","1/1/2016","1","1","2016","12"
"6215","la","month","2/1/2016","2","1","2016","12"
"6216","la","month","3/1/2016","3","1","2016","0"
"6961","md","month","1/1/2013","1","1","2013","6"
"6962","md","month","2/1/2013","2","1","2013","6"
"6963","md","month","3/1/2013","3","1","2013","12"
"6964","md","month","4/1/2013","4","1","2013","34"
"6965","md","month","5/1/2013","5","1","2013","41"
"6966","md","month","6/1/2013","6","1","2013","100"
"6967","md","month","7/1/2013","7","1","2013","79"
"6968","md","month","8/1/2013","8","1","2013","35"
"6969","md","month","9/1/2013","9","1","2013","16"
"6970","md","month","10/1/2013","10","1","2013","9"
"6971","md","month","11/1/2013","11","1","2013","6"
"6972","md","month","12/1/2013","12","1","2013","6"
"6973","md","month","1/1/2014","1","1","2014","6"
"6974","md","month","2/1/2014","2","1","2014","7"
"6975","md","month","3/1/2014","3","1","2014","8"
"6976","md","month","4/1/2014","4","1","2014","29"
"6977","md","month","5/1/2014","5","1","2014","43"
"6978","md","month","6/1/2014","6","1","2014","98"
"6979","md","month","7/1/2014","7","1","2014","67"
"6980","md","month","8/1/2014","8","1","2014","27"
"6981","md","month","9/1/2014","9","1","2014","16"
"6982","md","month","10/1/2014","10","1","2014","10"
"6983","md","month","11/1/2014","11","1","2014","7"
"6984","md","month","12/1/2014","12","1","2014","7"
"6985","md","month","1/1/2015","1","1","2015","7"
"6986","md","month","2/1/2015","2","1","2015","8"
"6987","md","month","3/1/2015","3","1","2015","9"
"6988","md","month","4/1/2015","4","1","2015","35"
"6989","md","month","5/1/2015","5","1","2015","64"
"6990","md","month","6/1/2015","6","1","2015","74"
"6991","md","month","7/1/2015","7","1","2015","70"
"6992","md","month","8/1/2015","8","1","2015","45"
"6993","md","month","9/1/2015","9","1","2015","16"
"6994","md","month","10/1/2015","10","1","2015","8"
"6995","md","month","11/1/2015","11","1","2015","8"
"6996","md","month","12/1/2015","12","1","2015","8"
"6997","md","month","1/1/2016","1","1","2016","9"
"6998","md","month","2/1/2016","2","1","2016","8"
"6999","md","month","3/1/2016","3","1","2016","0"
"7732","mi","month","1/1/2012","1","1","2012","5"
"7733","mi","month","2/1/2012","2","1","2012","7"
"7734","mi","month","3/1/2012","3","1","2012","15"
"7735","mi","month","4/1/2012","4","1","2012","15"
"7736","mi","month","5/1/2012","5","1","2012","56"
"7737","mi","month","6/1/2012","6","1","2012","62"
"7738","mi","month","7/1/2012","7","1","2012","64"
"7739","mi","month","8/1/2012","8","1","2012","23"
"7740","mi","month","9/1/2012","9","1","2012","10"
"7741","mi","month","10/1/2012","10","1","2012","5"
"7742","mi","month","11/1/2012","11","1","2012","4"
"7743","mi","month","12/1/2012","12","1","2012","4"
"7744","mi","month","1/1/2013","1","1","2013","7"
"7745","mi","month","2/1/2013","2","1","2013","8"
"7746","mi","month","3/1/2013","3","1","2013","11"
"7747","mi","month","4/1/2013","4","1","2013","19"
"7748","mi","month","5/1/2013","5","1","2013","53"
"7749","mi","month","6/1/2013","6","1","2013","71"
"7750","mi","month","7/1/2013","7","1","2013","67"
"7751","mi","month","8/1/2013","8","1","2013","24"
"7752","mi","month","9/1/2013","9","1","2013","13"
"7753","mi","month","10/1/2013","10","1","2013","5"
"7754","mi","month","11/1/2013","11","1","2013","4"
"7755","mi","month","12/1/2013","12","1","2013","4"
"7756","mi","month","1/1/2014","1","1","2014","4"
"7757","mi","month","2/1/2014","2","1","2014","6"
"7758","mi","month","3/1/2014","3","1","2014","12"
"7759","mi","month","4/1/2014","4","1","2014","24"
"7760","mi","month","5/1/2014","5","1","2014","64"
"7761","mi","month","6/1/2014","6","1","2014","100"
"7762","mi","month","7/1/2014","7","1","2014","59"
"7763","mi","month","8/1/2014","8","1","2014","27"
"7764","mi","month","9/1/2014","9","1","2014","9"
"7765","mi","month","10/1/2014","10","1","2014","5"
"7766","mi","month","11/1/2014","11","1","2014","6"
"7767","mi","month","12/1/2014","12","1","2014","6"
"7768","mi","month","1/1/2015","1","1","2015","6"
"7769","mi","month","2/1/2015","2","1","2015","5"
"7770","mi","month","3/1/2015","3","1","2015","9"
"7771","mi","month","4/1/2015","4","1","2015","23"
"7772","mi","month","5/1/2015","5","1","2015","41"
"7773","mi","month","6/1/2015","6","1","2015","68"
"7774","mi","month","7/1/2015","7","1","2015","80"
"7775","mi","month","8/1/2015","8","1","2015","38"
"7776","mi","month","9/1/2015","9","1","2015","13"
"7777","mi","month","10/1/2015","10","1","2015","4"
"7778","mi","month","11/1/2015","11","1","2015","3"
"7779","mi","month","12/1/2015","12","1","2015","4"
"7780","mi","month","1/1/2016","1","1","2016","5"
"7781","mi","month","2/1/2016","2","1","2016","6"
"7782","mi","month","3/1/2016","3","1","2016","14"
"7879","mn","month","1/1/2012","1","1","2012","8"
"7880","mn","month","2/1/2012","2","1","2012","7"
"7881","mn","month","3/1/2012","3","1","2012","14"
"7882","mn","month","4/1/2012","4","1","2012","20"
"7883","mn","month","5/1/2012","5","1","2012","57"
"7884","mn","month","6/1/2012","6","1","2012","93"
"7885","mn","month","7/1/2012","7","1","2012","72"
"7886","mn","month","8/1/2012","8","1","2012","22"
"7887","mn","month","9/1/2012","9","1","2012","9"
"7888","mn","month","10/1/2012","10","1","2012","5"
"7889","mn","month","11/1/2012","11","1","2012","5"
"7890","mn","month","12/1/2012","12","1","2012","6"
"7891","mn","month","1/1/2013","1","1","2013","6"
"7892","mn","month","2/1/2013","2","1","2013","7"
"7893","mn","month","3/1/2013","3","1","2013","14"
"7894","mn","month","4/1/2013","4","1","2013","20"
"7895","mn","month","5/1/2013","5","1","2013","33"
"7896","mn","month","6/1/2013","6","1","2013","77"
"7897","mn","month","7/1/2013","7","1","2013","71"
"7898","mn","month","8/1/2013","8","1","2013","25"
"7899","mn","month","9/1/2013","9","1","2013","10"
"7900","mn","month","10/1/2013","10","1","2013","4"
"7901","mn","month","11/1/2013","11","1","2013","4"
"7902","mn","month","12/1/2013","12","1","2013","4"
"7903","mn","month","1/1/2014","1","1","2014","4"
"7904","mn","month","2/1/2014","2","1","2014","6"
"7905","mn","month","3/1/2014","3","1","2014","13"
"7906","mn","month","4/1/2014","4","1","2014","15"
"7907","mn","month","5/1/2014","5","1","2014","51"
"7908","mn","month","6/1/2014","6","1","2014","72"
"7909","mn","month","7/1/2014","7","1","2014","55"
"7910","mn","month","8/1/2014","8","1","2014","22"
"7911","mn","month","9/1/2014","9","1","2014","9"
"7912","mn","month","10/1/2014","10","1","2014","5"
"7913","mn","month","11/1/2014","11","1","2014","5"
"7914","mn","month","12/1/2014","12","1","2014","6"
"7915","mn","month","1/1/2015","1","1","2015","7"
"7916","mn","month","2/1/2015","2","1","2015","6"
"7917","mn","month","3/1/2015","3","1","2015","10"
"7918","mn","month","4/1/2015","4","1","2015","19"
"7919","mn","month","5/1/2015","5","1","2015","32"
"7920","mn","month","6/1/2015","6","1","2015","78"
"7921","mn","month","7/1/2015","7","1","2015","70"
"7922","mn","month","8/1/2015","8","1","2015","26"
"7923","mn","month","9/1/2015","9","1","2015","9"
"7924","mn","month","10/1/2015","10","1","2015","8"
"7925","mn","month","11/1/2015","11","1","2015","8"
"7926","mn","month","12/1/2015","12","1","2015","5"
"7927","mn","month","1/1/2016","1","1","2016","5"
"7928","mn","month","2/1/2016","2","1","2016","6"
"7929","mn","month","3/1/2016","3","1","2016","0"
"8038","mo","month","1/1/2013","1","1","2013","6"
"8039","mo","month","2/1/2013","2","1","2013","6"
"8040","mo","month","3/1/2013","3","1","2013","12"
"8041","mo","month","4/1/2013","4","1","2013","26"
"8042","mo","month","5/1/2013","5","1","2013","53"
"8043","mo","month","6/1/2013","6","1","2013","80"
"8044","mo","month","7/1/2013","7","1","2013","59"
"8045","mo","month","8/1/2013","8","1","2013","22"
"8046","mo","month","9/1/2013","9","1","2013","14"
"8047","mo","month","10/1/2013","10","1","2013","6"
"8048","mo","month","11/1/2013","11","1","2013","4"
"8049","mo","month","12/1/2013","12","1","2013","4"
"8050","mo","month","1/1/2014","1","1","2014","5"
"8051","mo","month","2/1/2014","2","1","2014","4"
"8052","mo","month","3/1/2014","3","1","2014","12"
"8053","mo","month","4/1/2014","4","1","2014","23"
"8054","mo","month","5/1/2014","5","1","2014","60"
"8055","mo","month","6/1/2014","6","1","2014","97"
"8056","mo","month","7/1/2014","7","1","2014","68"
"8057","mo","month","8/1/2014","8","1","2014","23"
"8058","mo","month","9/1/2014","9","1","2014","9"
"8059","mo","month","10/1/2014","10","1","2014","6"
"8060","mo","month","11/1/2014","11","1","2014","6"
"8061","mo","month","12/1/2014","12","1","2014","6"
"8062","mo","month","1/1/2015","1","1","2015","6"
"8063","mo","month","2/1/2015","2","1","2015","6"
"8064","mo","month","3/1/2015","3","1","2015","15"
"8065","mo","month","4/1/2015","4","1","2015","17"
"8066","mo","month","5/1/2015","5","1","2015","41"
"8067","mo","month","6/1/2015","6","1","2015","100"
"8068","mo","month","7/1/2015","7","1","2015","70"
"8069","mo","month","8/1/2015","8","1","2015","29"
"8070","mo","month","9/1/2015","9","1","2015","13"
"8071","mo","month","10/1/2015","10","1","2015","4"
"8072","mo","month","11/1/2015","11","1","2015","5"
"8073","mo","month","12/1/2015","12","1","2015","5"
"8074","mo","month","1/1/2016","1","1","2016","5"
"8075","mo","month","2/1/2016","2","1","2016","5"
"8076","mo","month","3/1/2016","3","1","2016","0"
"8197","ms","month","1/1/2014","1","1","2014","10"
"8198","ms","month","2/1/2014","2","1","2014","10"
"8199","ms","month","3/1/2014","3","1","2014","27"
"8200","ms","month","4/1/2014","4","1","2014","57"
"8201","ms","month","5/1/2014","5","1","2014","66"
"8202","ms","month","6/1/2014","6","1","2014","100"
"8203","ms","month","7/1/2014","7","1","2014","66"
"8204","ms","month","8/1/2014","8","1","2014","24"
"8205","ms","month","9/1/2014","9","1","2014","17"
"8206","ms","month","10/1/2014","10","1","2014","0"
"8207","ms","month","11/1/2014","11","1","2014","0"
"8208","ms","month","12/1/2014","12","1","2014","0"
"8209","ms","month","1/1/2015","1","1","2015","0"
"8210","ms","month","2/1/2015","2","1","2015","0"
"8211","ms","month","3/1/2015","3","1","2015","22"
"8212","ms","month","4/1/2015","4","1","2015","29"
"8213","ms","month","5/1/2015","5","1","2015","56"
"8214","ms","month","6/1/2015","6","1","2015","79"
"8215","ms","month","7/1/2015","7","1","2015","63"
"8216","ms","month","8/1/2015","8","1","2015","27"
"8217","ms","month","9/1/2015","9","1","2015","0"
"8218","ms","month","10/1/2015","10","1","2015","0"
"8219","ms","month","11/1/2015","11","1","2015","0"
"8220","ms","month","12/1/2015","12","1","2015","0"
"8221","ms","month","1/1/2016","1","1","2016","0"
"8222","ms","month","2/1/2016","2","1","2016","0"
"8223","ms","month","3/1/2016","3","1","2016","0"
"8944","nc","month","1/1/2011","1","1","2011","7"
"8945","nc","month","2/1/2011","2","1","2011","7"
"8946","nc","month","3/1/2011","3","1","2011","12"
"8947","nc","month","4/1/2011","4","1","2011","46"
"8948","nc","month","5/1/2011","5","1","2011","64"
"8949","nc","month","6/1/2011","6","1","2011","69"
"8950","nc","month","7/1/2011","7","1","2011","51"
"8951","nc","month","8/1/2011","8","1","2011","30"
"8952","nc","month","9/1/2011","9","1","2011","13"
"8953","nc","month","10/1/2011","10","1","2011","7"
"8954","nc","month","11/1/2011","11","1","2011","4"
"8955","nc","month","12/1/2011","12","1","2011","4"
"8956","nc","month","1/1/2012","1","1","2012","4"
"8957","nc","month","2/1/2012","2","1","2012","6"
"8958","nc","month","3/1/2012","3","1","2012","18"
"8959","nc","month","4/1/2012","4","1","2012","39"
"8960","nc","month","5/1/2012","5","1","2012","74"
"8961","nc","month","6/1/2012","6","1","2012","66"
"8962","nc","month","7/1/2012","7","1","2012","58"
"8963","nc","month","8/1/2012","8","1","2012","28"
"8964","nc","month","9/1/2012","9","1","2012","15"
"8965","nc","month","10/1/2012","10","1","2012","5"
"8966","nc","month","11/1/2012","11","1","2012","5"
"8967","nc","month","12/1/2012","12","1","2012","5"
"8968","nc","month","1/1/2013","1","1","2013","4"
"8969","nc","month","2/1/2013","2","1","2013","6"
"8970","nc","month","3/1/2013","3","1","2013","15"
"8971","nc","month","4/1/2013","4","1","2013","46"
"8972","nc","month","5/1/2013","5","1","2013","60"
"8973","nc","month","6/1/2013","6","1","2013","100"
"8974","nc","month","7/1/2013","7","1","2013","74"
"8975","nc","month","8/1/2013","8","1","2013","31"
"8976","nc","month","9/1/2013","9","1","2013","16"
"8977","nc","month","10/1/2013","10","1","2013","7"
"8978","nc","month","11/1/2013","11","1","2013","4"
"8979","nc","month","12/1/2013","12","1","2013","4"
"8980","nc","month","1/1/2014","1","1","2014","4"
"8981","nc","month","2/1/2014","2","1","2014","5"
"8982","nc","month","3/1/2014","3","1","2014","12"
"8983","nc","month","4/1/2014","4","1","2014","40"
"8984","nc","month","5/1/2014","5","1","2014","61"
"8985","nc","month","6/1/2014","6","1","2014","93"
"8986","nc","month","7/1/2014","7","1","2014","73"
"8987","nc","month","8/1/2014","8","1","2014","29"
"8988","nc","month","9/1/2014","9","1","2014","18"
"8989","nc","month","10/1/2014","10","1","2014","7"
"8990","nc","month","11/1/2014","11","1","2014","4"
"8991","nc","month","12/1/2014","12","1","2014","3"
"8992","nc","month","1/1/2015","1","1","2015","4"
"8993","nc","month","2/1/2015","2","1","2015","5"
"8994","nc","month","3/1/2015","3","1","2015","16"
"8995","nc","month","4/1/2015","4","1","2015","29"
"8996","nc","month","5/1/2015","5","1","2015","85"
"8997","nc","month","6/1/2015","6","1","2015","87"
"8998","nc","month","7/1/2015","7","1","2015","71"
"8999","nc","month","8/1/2015","8","1","2015","35"
"9000","nc","month","9/1/2015","9","1","2015","13"
"9001","nc","month","10/1/2015","10","1","2015","5"
"9002","nc","month","11/1/2015","11","1","2015","4"
"9003","nc","month","12/1/2015","12","1","2015","4"
"9004","nc","month","1/1/2016","1","1","2016","4"
"9005","nc","month","2/1/2016","2","1","2016","4"
"9006","nc","month","3/1/2016","3","1","2016","10"
"11011","nj","month","1/1/2012","1","1","2012","6"
"11012","nj","month","2/1/2012","2","1","2012","6"
"11013","nj","month","3/1/2012","3","1","2012","11"
"11014","nj","month","4/1/2012","4","1","2012","19"
"11015","nj","month","5/1/2012","5","1","2012","51"
"11016","nj","month","6/1/2012","6","1","2012","58"
"11017","nj","month","7/1/2012","7","1","2012","57"
"11018","nj","month","8/1/2012","8","1","2012","31"
"11019","nj","month","9/1/2012","9","1","2012","11"
"11020","nj","month","10/1/2012","10","1","2012","4"
"11021","nj","month","11/1/2012","11","1","2012","4"
"11022","nj","month","12/1/2012","12","1","2012","5"
"11023","nj","month","1/1/2013","1","1","2013","4"
"11024","nj","month","2/1/2013","2","1","2013","6"
"11025","nj","month","3/1/2013","3","1","2013","9"
"11026","nj","month","4/1/2013","4","1","2013","19"
"11027","nj","month","5/1/2013","5","1","2013","31"
"11028","nj","month","6/1/2013","6","1","2013","100"
"11029","nj","month","7/1/2013","7","1","2013","80"
"11030","nj","month","8/1/2013","8","1","2013","29"
"11031","nj","month","9/1/2013","9","1","2013","11"
"11032","nj","month","10/1/2013","10","1","2013","4"
"11033","nj","month","11/1/2013","11","1","2013","4"
"11034","nj","month","12/1/2013","12","1","2013","3"
"11035","nj","month","1/1/2014","1","1","2014","3"
"11036","nj","month","2/1/2014","2","1","2014","4"
"11037","nj","month","3/1/2014","3","1","2014","7"
"11038","nj","month","4/1/2014","4","1","2014","18"
"11039","nj","month","5/1/2014","5","1","2014","33"
"11040","nj","month","6/1/2014","6","1","2014","95"
"11041","nj","month","7/1/2014","7","1","2014","64"
"11042","nj","month","8/1/2014","8","1","2014","30"
"11043","nj","month","9/1/2014","9","1","2014","11"
"11044","nj","month","10/1/2014","10","1","2014","4"
"11045","nj","month","11/1/2014","11","1","2014","3"
"11046","nj","month","12/1/2014","12","1","2014","4"
"11047","nj","month","1/1/2015","1","1","2015","4"
"11048","nj","month","2/1/2015","2","1","2015","4"
"11049","nj","month","3/1/2015","3","1","2015","8"
"11050","nj","month","4/1/2015","4","1","2015","20"
"11051","nj","month","5/1/2015","5","1","2015","45"
"11052","nj","month","6/1/2015","6","1","2015","58"
"11053","nj","month","7/1/2015","7","1","2015","63"
"11054","nj","month","8/1/2015","8","1","2015","36"
"11055","nj","month","9/1/2015","9","1","2015","10"
"11056","nj","month","10/1/2015","10","1","2015","4"
"11057","nj","month","11/1/2015","11","1","2015","4"
"11058","nj","month","12/1/2015","12","1","2015","3"
"11059","nj","month","1/1/2016","1","1","2016","4"
"11060","nj","month","2/1/2016","2","1","2016","4"
"11061","nj","month","3/1/2016","3","1","2016","0"
"12577","oh","month","1/1/2012","1","1","2012","5"
"12578","oh","month","2/1/2012","2","1","2012","5"
"12579","oh","month","3/1/2012","3","1","2012","14"
"12580","oh","month","4/1/2012","4","1","2012","15"
"12581","oh","month","5/1/2012","5","1","2012","54"
"12582","oh","month","6/1/2012","6","1","2012","65"
"12583","oh","month","7/1/2012","7","1","2012","40"
"12584","oh","month","8/1/2012","8","1","2012","17"
"12585","oh","month","9/1/2012","9","1","2012","9"
"12586","oh","month","10/1/2012","10","1","2012","5"
"12587","oh","month","11/1/2012","11","1","2012","4"
"12588","oh","month","12/1/2012","12","1","2012","3"
"12589","oh","month","1/1/2013","1","1","2013","5"
"12590","oh","month","2/1/2013","2","1","2013","5"
"12591","oh","month","3/1/2013","3","1","2013","10"
"12592","oh","month","4/1/2013","4","1","2013","16"
"12593","oh","month","5/1/2013","5","1","2013","44"
"12594","oh","month","6/1/2013","6","1","2013","71"
"12595","oh","month","7/1/2013","7","1","2013","46"
"12596","oh","month","8/1/2013","8","1","2013","19"
"12597","oh","month","9/1/2013","9","1","2013","9"
"12598","oh","month","10/1/2013","10","1","2013","4"
"12599","oh","month","11/1/2013","11","1","2013","3"
"12600","oh","month","12/1/2013","12","1","2013","3"
"12601","oh","month","1/1/2014","1","1","2014","4"
"12602","oh","month","2/1/2014","2","1","2014","4"
"12603","oh","month","3/1/2014","3","1","2014","10"
"12604","oh","month","4/1/2014","4","1","2014","25"
"12605","oh","month","5/1/2014","5","1","2014","51"
"12606","oh","month","6/1/2014","6","1","2014","100"
"12607","oh","month","7/1/2014","7","1","2014","43"
"12608","oh","month","8/1/2014","8","1","2014","20"
"12609","oh","month","9/1/2014","9","1","2014","10"
"12610","oh","month","10/1/2014","10","1","2014","5"
"12611","oh","month","11/1/2014","11","1","2014","3"
"12612","oh","month","12/1/2014","12","1","2014","3"
"12613","oh","month","1/1/2015","1","1","2015","4"
"12614","oh","month","2/1/2015","2","1","2015","4"
"12615","oh","month","3/1/2015","3","1","2015","9"
"12616","oh","month","4/1/2015","4","1","2015","21"
"12617","oh","month","5/1/2015","5","1","2015","48"
"12618","oh","month","6/1/2015","6","1","2015","56"
"12619","oh","month","7/1/2015","7","1","2015","59"
"12620","oh","month","8/1/2015","8","1","2015","30"
"12621","oh","month","9/1/2015","9","1","2015","7"
"12622","oh","month","10/1/2015","10","1","2015","4"
"12623","oh","month","11/1/2015","11","1","2015","4"
"12624","oh","month","12/1/2015","12","1","2015","3"
"12625","oh","month","1/1/2016","1","1","2016","4"
"12626","oh","month","2/1/2016","2","1","2016","4"
"12627","oh","month","3/1/2016","3","1","2016","9"
"12748","ok","month","1/1/2014","1","1","2014","13"
"12749","ok","month","2/1/2014","2","1","2014","15"
"12750","ok","month","3/1/2014","3","1","2014","17"
"12751","ok","month","4/1/2014","4","1","2014","32"
"12752","ok","month","5/1/2014","5","1","2014","53"
"12753","ok","month","6/1/2014","6","1","2014","99"
"12754","ok","month","7/1/2014","7","1","2014","76"
"12755","ok","month","8/1/2014","8","1","2014","31"
"12756","ok","month","9/1/2014","9","1","2014","13"
"12757","ok","month","10/1/2014","10","1","2014","10"
"12758","ok","month","11/1/2014","11","1","2014","6"
"12759","ok","month","12/1/2014","12","1","2014","6"
"12760","ok","month","1/1/2015","1","1","2015","6"
"12761","ok","month","2/1/2015","2","1","2015","9"
"12762","ok","month","3/1/2015","3","1","2015","57"
"12763","ok","month","4/1/2015","4","1","2015","56"
"12764","ok","month","5/1/2015","5","1","2015","47"
"12765","ok","month","6/1/2015","6","1","2015","100"
"12766","ok","month","7/1/2015","7","1","2015","83"
"12767","ok","month","8/1/2015","8","1","2015","38"
"12768","ok","month","9/1/2015","9","1","2015","13"
"12769","ok","month","10/1/2015","10","1","2015","12"
"12770","ok","month","11/1/2015","11","1","2015","0"
"12771","ok","month","12/1/2015","12","1","2015","0"
"12772","ok","month","1/1/2016","1","1","2016","0"
"12773","ok","month","2/1/2016","2","1","2016","0"
"12774","ok","month","3/1/2016","3","1","2016","0"
"12883","or","month","1/1/2013","1","1","2013","9"
"12884","or","month","2/1/2013","2","1","2013","9"
"12885","or","month","3/1/2013","3","1","2013","16"
"12886","or","month","4/1/2013","4","1","2013","27"
"12887","or","month","5/1/2013","5","1","2013","37"
"12888","or","month","6/1/2013","6","1","2013","100"
"12889","or","month","7/1/2013","7","1","2013","52"
"12890","or","month","8/1/2013","8","1","2013","17"
"12891","or","month","9/1/2013","9","1","2013","8"
"12892","or","month","10/1/2013","10","1","2013","4"
"12893","or","month","11/1/2013","11","1","2013","4"
"12894","or","month","12/1/2013","12","1","2013","5"
"12895","or","month","1/1/2014","1","1","2014","5"
"12896","or","month","2/1/2014","2","1","2014","4"
"12897","or","month","3/1/2014","3","1","2014","7"
"12898","or","month","4/1/2014","4","1","2014","11"
"12899","or","month","5/1/2014","5","1","2014","22"
"12900","or","month","6/1/2014","6","1","2014","22"
"12901","or","month","7/1/2014","7","1","2014","54"
"12902","or","month","8/1/2014","8","1","2014","18"
"12903","or","month","9/1/2014","9","1","2014","7"
"12904","or","month","10/1/2014","10","1","2014","3"
"12905","or","month","11/1/2014","11","1","2014","3"
"12906","or","month","12/1/2014","12","1","2014","3"
"12907","or","month","1/1/2015","1","1","2015","4"
"12908","or","month","2/1/2015","2","1","2015","8"
"12909","or","month","3/1/2015","3","1","2015","6"
"12910","or","month","4/1/2015","4","1","2015","11"
"12911","or","month","5/1/2015","5","1","2015","18"
"12912","or","month","6/1/2015","6","1","2015","77"
"12913","or","month","7/1/2015","7","1","2015","49"
"12914","or","month","8/1/2015","8","1","2015","19"
"12915","or","month","9/1/2015","9","1","2015","9"
"12916","or","month","10/1/2015","10","1","2015","5"
"12917","or","month","11/1/2015","11","1","2015","4"
"12918","or","month","12/1/2015","12","1","2015","10"
"12919","or","month","1/1/2016","1","1","2016","6"
"12920","or","month","2/1/2016","2","1","2016","5"
"12921","or","month","3/1/2016","3","1","2016","0"
"13813","sc","month","1/1/2013","1","1","2013","8"
"13814","sc","month","2/1/2013","2","1","2013","8"
"13815","sc","month","3/1/2013","3","1","2013","14"
"13816","sc","month","4/1/2013","4","1","2013","54"
"13817","sc","month","5/1/2013","5","1","2013","58"
"13818","sc","month","6/1/2013","6","1","2013","100"
"13819","sc","month","7/1/2013","7","1","2013","80"
"13820","sc","month","8/1/2013","8","1","2013","41"
"13821","sc","month","9/1/2013","9","1","2013","13"
"13822","sc","month","10/1/2013","10","1","2013","7"
"13823","sc","month","11/1/2013","11","1","2013","8"
"13824","sc","month","12/1/2013","12","1","2013","10"
"13825","sc","month","1/1/2014","1","1","2014","11"
"13826","sc","month","2/1/2014","2","1","2014","12"
"13827","sc","month","3/1/2014","3","1","2014","14"
"13828","sc","month","4/1/2014","4","1","2014","49"
"13829","sc","month","5/1/2014","5","1","2014","66"
"13830","sc","month","6/1/2014","6","1","2014","95"
"13831","sc","month","7/1/2014","7","1","2014","76"
"13832","sc","month","8/1/2014","8","1","2014","33"
"13833","sc","month","9/1/2014","9","1","2014","13"
"13834","sc","month","10/1/2014","10","1","2014","7"
"13835","sc","month","11/1/2014","11","1","2014","7"
"13836","sc","month","12/1/2014","12","1","2014","7"
"13837","sc","month","1/1/2015","1","1","2015","7"
"13838","sc","month","2/1/2015","2","1","2015","7"
"13839","sc","month","3/1/2015","3","1","2015","19"
"13840","sc","month","4/1/2015","4","1","2015","44"
"13841","sc","month","5/1/2015","5","1","2015","76"
"13842","sc","month","6/1/2015","6","1","2015","92"
"13843","sc","month","7/1/2015","7","1","2015","69"
"13844","sc","month","8/1/2015","8","1","2015","36"
"13845","sc","month","9/1/2015","9","1","2015","11"
"13846","sc","month","10/1/2015","10","1","2015","6"
"13847","sc","month","11/1/2015","11","1","2015","0"
"13848","sc","month","12/1/2015","12","1","2015","0"
"13849","sc","month","1/1/2016","1","1","2016","0"
"13850","sc","month","2/1/2016","2","1","2016","0"
"13851","sc","month","3/1/2016","3","1","2016","0"
"14596","tn","month","1/1/2013","1","1","2013","6"
"14597","tn","month","2/1/2013","2","1","2013","8"
"14598","tn","month","3/1/2013","3","1","2013","18"
"14599","tn","month","4/1/2013","4","1","2013","43"
"14600","tn","month","5/1/2013","5","1","2013","56"
"14601","tn","month","6/1/2013","6","1","2013","75"
"14602","tn","month","7/1/2013","7","1","2013","59"
"14603","tn","month","8/1/2013","8","1","2013","27"
"14604","tn","month","9/1/2013","9","1","2013","13"
"14605","tn","month","10/1/2013","10","1","2013","7"
"14606","tn","month","11/1/2013","11","1","2013","7"
"14607","tn","month","12/1/2013","12","1","2013","4"
"14608","tn","month","1/1/2014","1","1","2014","4"
"14609","tn","month","2/1/2014","2","1","2014","5"
"14610","tn","month","3/1/2014","3","1","2014","16"
"14611","tn","month","4/1/2014","4","1","2014","33"
"14612","tn","month","5/1/2014","5","1","2014","68"
"14613","tn","month","6/1/2014","6","1","2014","92"
"14614","tn","month","7/1/2014","7","1","2014","63"
"14615","tn","month","8/1/2014","8","1","2014","21"
"14616","tn","month","9/1/2014","9","1","2014","12"
"14617","tn","month","10/1/2014","10","1","2014","8"
"14618","tn","month","11/1/2014","11","1","2014","4"
"14619","tn","month","12/1/2014","12","1","2014","4"
"14620","tn","month","1/1/2015","1","1","2015","4"
"14621","tn","month","2/1/2015","2","1","2015","6"
"14622","tn","month","3/1/2015","3","1","2015","26"
"14623","tn","month","4/1/2015","4","1","2015","36"
"14624","tn","month","5/1/2015","5","1","2015","75"
"14625","tn","month","6/1/2015","6","1","2015","100"
"14626","tn","month","7/1/2015","7","1","2015","52"
"14627","tn","month","8/1/2015","8","1","2015","22"
"14628","tn","month","9/1/2015","9","1","2015","11"
"14629","tn","month","10/1/2015","10","1","2015","6"
"14630","tn","month","11/1/2015","11","1","2015","5"
"14631","tn","month","12/1/2015","12","1","2015","5"
"14632","tn","month","1/1/2016","1","1","2016","5"
"14633","tn","month","2/1/2016","2","1","2016","8"
"14634","tn","month","3/1/2016","3","1","2016","0"
"17275","wa","month","1/1/2012","1","1","2012","5"
"17276","wa","month","2/1/2012","2","1","2012","9"
"17277","wa","month","3/1/2012","3","1","2012","13"
"17278","wa","month","4/1/2012","4","1","2012","33"
"17279","wa","month","5/1/2012","5","1","2012","39"
"17280","wa","month","6/1/2012","6","1","2012","35"
"17281","wa","month","7/1/2012","7","1","2012","77"
"17282","wa","month","8/1/2012","8","1","2012","46"
"17283","wa","month","9/1/2012","9","1","2012","11"
"17284","wa","month","10/1/2012","10","1","2012","7"
"17285","wa","month","11/1/2012","11","1","2012","5"
"17286","wa","month","12/1/2012","12","1","2012","5"
"17287","wa","month","1/1/2013","1","1","2013","7"
"17288","wa","month","2/1/2013","2","1","2013","6"
"17289","wa","month","3/1/2013","3","1","2013","12"
"17290","wa","month","4/1/2013","4","1","2013","21"
"17291","wa","month","5/1/2013","5","1","2013","39"
"17292","wa","month","6/1/2013","6","1","2013","72"
"17293","wa","month","7/1/2013","7","1","2013","93"
"17294","wa","month","8/1/2013","8","1","2013","25"
"17295","wa","month","9/1/2013","9","1","2013","12"
"17296","wa","month","10/1/2013","10","1","2013","5"
"17297","wa","month","11/1/2013","11","1","2013","4"
"17298","wa","month","12/1/2013","12","1","2013","4"
"17299","wa","month","1/1/2014","1","1","2014","5"
"17300","wa","month","2/1/2014","2","1","2014","5"
"17301","wa","month","3/1/2014","3","1","2014","9"
"17302","wa","month","4/1/2014","4","1","2014","14"
"17303","wa","month","5/1/2014","5","1","2014","30"
"17304","wa","month","6/1/2014","6","1","2014","55"
"17305","wa","month","7/1/2014","7","1","2014","100"
"17306","wa","month","8/1/2014","8","1","2014","35"
"17307","wa","month","9/1/2014","9","1","2014","12"
"17308","wa","month","10/1/2014","10","1","2014","5"
"17309","wa","month","11/1/2014","11","1","2014","6"
"17310","wa","month","12/1/2014","12","1","2014","5"
"17311","wa","month","1/1/2015","1","1","2015","4"
"17312","wa","month","2/1/2015","2","1","2015","6"
"17313","wa","month","3/1/2015","3","1","2015","10"
"17314","wa","month","4/1/2015","4","1","2015","19"
"17315","wa","month","5/1/2015","5","1","2015","27"
"17316","wa","month","6/1/2015","6","1","2015","90"
"17317","wa","month","7/1/2015","7","1","2015","65"
"17318","wa","month","8/1/2015","8","1","2015","25"
"17319","wa","month","9/1/2015","9","1","2015","8"
"17320","wa","month","10/1/2015","10","1","2015","6"
"17321","wa","month","11/1/2015","11","1","2015","5"
"17322","wa","month","12/1/2015","12","1","2015","5"
"17323","wa","month","1/1/2016","1","1","2016","6"
"17324","wa","month","2/1/2016","2","1","2016","6"
"17325","wa","month","3/1/2016","3","1","2016","0"
"17434","wi","month","1/1/2013","1","1","2013","5"
"17435","wi","month","2/1/2013","2","1","2013","7"
"17436","wi","month","3/1/2013","3","1","2013","13"
"17437","wi","month","4/1/2013","4","1","2013","22"
"17438","wi","month","5/1/2013","5","1","2013","41"
"17439","wi","month","6/1/2013","6","1","2013","77"
"17440","wi","month","7/1/2013","7","1","2013","72"
"17441","wi","month","8/1/2013","8","1","2013","25"
"17442","wi","month","9/1/2013","9","1","2013","10"
"17443","wi","month","10/1/2013","10","1","2013","5"
"17444","wi","month","11/1/2013","11","1","2013","5"
"17445","wi","month","12/1/2013","12","1","2013","5"
"17446","wi","month","1/1/2014","1","1","2014","5"
"17447","wi","month","2/1/2014","2","1","2014","5"
"17448","wi","month","3/1/2014","3","1","2014","11"
"17449","wi","month","4/1/2014","4","1","2014","16"
"17450","wi","month","5/1/2014","5","1","2014","65"
"17451","wi","month","6/1/2014","6","1","2014","100"
"17452","wi","month","7/1/2014","7","1","2014","68"
"17453","wi","month","8/1/2014","8","1","2014","28"
"17454","wi","month","9/1/2014","9","1","2014","9"
"17455","wi","month","10/1/2014","10","1","2014","5"
"17456","wi","month","11/1/2014","11","1","2014","5"
"17457","wi","month","12/1/2014","12","1","2014","5"
"17458","wi","month","1/1/2015","1","1","2015","5"
"17459","wi","month","2/1/2015","2","1","2015","8"
"17460","wi","month","3/1/2015","3","1","2015","12"
"17461","wi","month","4/1/2015","4","1","2015","19"
"17462","wi","month","5/1/2015","5","1","2015","39"
"17463","wi","month","6/1/2015","6","1","2015","86"
"17464","wi","month","7/1/2015","7","1","2015","93"
"17465","wi","month","8/1/2015","8","1","2015","36"
"17466","wi","month","9/1/2015","9","1","2015","12"
"17467","wi","month","10/1/2015","10","1","2015","5"
"17468","wi","month","11/1/2015","11","1","2015","5"
"17469","wi","month","12/1/2015","12","1","2015","5"
"17470","wi","month","1/1/2016","1","1","2016","6"
"17471","wi","month","2/1/2016","2","1","2016","8"
"17472","wi","month","3/1/2016","3","1","2016","0"
"919","ca","month","1/1/2007","1","1","2007","0"
"920","tx","month","1/1/2007","1","1","2007","0"
"921","ca","month","2/1/2007","2","1","2007","0"
"922","tx","month","2/1/2007","2","1","2007","0"
"923","ca","month","3/1/2007","3","1","2007","8.5"
"924","tx","month","3/1/2007","3","1","2007","0"
"925","ca","month","4/1/2007","4","1","2007","10.8"
"926","tx","month","4/1/2007","4","1","2007","11.8"
"927","ca","month","5/1/2007","5","1","2007","15.25"
"928","tx","month","5/1/2007","5","1","2007","19"
"929","ca","month","6/1/2007","6","1","2007","27"
"930","tx","month","6/1/2007","6","1","2007","25.75"
"931","ca","month","7/1/2007","7","1","2007","26.4"
"932","tx","month","7/1/2007","7","1","2007","19.4"
"933","ca","month","8/1/2007","8","1","2007","14.75"
"934","tx","month","8/1/2007","8","1","2007","11.25"
"935","ca","month","9/1/2007","9","1","2007","4.8"
"936","tx","month","9/1/2007","9","1","2007","0"
"937","ca","month","10/1/2007","10","1","2007","0"
"938","tx","month","10/1/2007","10","1","2007","0"
"939","ca","month","11/1/2007","11","1","2007","0"
"940","tx","month","11/1/2007","11","1","2007","0"
"941","ca","month","12/1/2007","12","1","2007","0"
"942","tx","month","12/1/2007","12","1","2007","0"
"943","ca","month","1/1/2008","1","1","2008","0"
"944","fl","month","1/1/2008","1","1","2008","0"
"945","ny","month","1/1/2008","1","1","2008","0"
"946","pa","month","1/1/2008","1","1","2008","0"
"947","tx","month","1/1/2008","1","1","2008","0"
"948","ca","month","2/1/2008","2","1","2008","0"
"949","fl","month","2/1/2008","2","1","2008","0"
"950","ny","month","2/1/2008","2","1","2008","0"
"951","pa","month","2/1/2008","2","1","2008","0"
"952","tx","month","2/1/2008","2","1","2008","0"
"953","ca","month","3/1/2008","3","1","2008","7.2"
"954","fl","month","3/1/2008","3","1","2008","33.8"
"955","ny","month","3/1/2008","3","1","2008","0"
"956","pa","month","3/1/2008","3","1","2008","0"
"957","tx","month","3/1/2008","3","1","2008","9"
"958","ca","month","4/1/2008","4","1","2008","11.5"
"959","fl","month","4/1/2008","4","1","2008","42.75"
"960","ny","month","4/1/2008","4","1","2008","12.5"
"961","pa","month","4/1/2008","4","1","2008","0"
"962","tx","month","4/1/2008","4","1","2008","15.5"
"963","ca","month","5/1/2008","5","1","2008","14.25"
"964","fl","month","5/1/2008","5","1","2008","36.75"
"965","ny","month","5/1/2008","5","1","2008","17.5"
"966","pa","month","5/1/2008","5","1","2008","7.75"
"967","tx","month","5/1/2008","5","1","2008","27.25"
"968","ca","month","6/1/2008","6","1","2008","28.6"
"969","fl","month","6/1/2008","6","1","2008","28.6"
"970","ny","month","6/1/2008","6","1","2008","29.2"
"971","pa","month","6/1/2008","6","1","2008","29.8"
"972","tx","month","6/1/2008","6","1","2008","31.8"
"973","ca","month","7/1/2008","7","1","2008","17.75"
"974","fl","month","7/1/2008","7","1","2008","26.75"
"975","ny","month","7/1/2008","7","1","2008","22"
"976","pa","month","7/1/2008","7","1","2008","21.75"
"977","tx","month","7/1/2008","7","1","2008","22"
"978","ca","month","8/1/2008","8","1","2008","13.2"
"979","fl","month","8/1/2008","8","1","2008","22.4"
"980","ny","month","8/1/2008","8","1","2008","12.8"
"981","pa","month","8/1/2008","8","1","2008","9"
"982","tx","month","8/1/2008","8","1","2008","13"
"983","ca","month","9/1/2008","9","1","2008","6.75"
"984","fl","month","9/1/2008","9","1","2008","7"
"985","ny","month","9/1/2008","9","1","2008","0"
"986","pa","month","9/1/2008","9","1","2008","0"
"987","tx","month","9/1/2008","9","1","2008","0"
"988","ca","month","10/1/2008","10","1","2008","3"
"989","fl","month","10/1/2008","10","1","2008","0"
"990","ny","month","10/1/2008","10","1","2008","0"
"991","pa","month","10/1/2008","10","1","2008","0"
"992","tx","month","10/1/2008","10","1","2008","0"
"993","ca","month","11/1/2008","11","1","2008","0"
"994","fl","month","11/1/2008","11","1","2008","0"
"995","ny","month","11/1/2008","11","1","2008","0"
"996","pa","month","11/1/2008","11","1","2008","0"
"997","tx","month","11/1/2008","11","1","2008","0"
"998","ca","month","12/1/2008","12","1","2008","0"
"999","fl","month","12/1/2008","12","1","2008","0"
"1000","ny","month","12/1/2008","12","1","2008","0"
"1001","pa","month","12/1/2008","12","1","2008","0"
"1002","tx","month","12/1/2008","12","1","2008","0"
"1003","ca","month","1/1/2009","1","1","2009","0"
"1004","fl","month","1/1/2009","1","1","2009","0"
"1005","ma","month","1/1/2009","1","1","2009","0"
"1006","ny","month","1/1/2009","1","1","2009","0"
"1007","pa","month","1/1/2009","1","1","2009","0"
"1008","tx","month","1/1/2009","1","1","2009","0"
"1009","ca","month","2/1/2009","2","1","2009","0"
"1010","fl","month","2/1/2009","2","1","2009","0"
"1011","ma","month","2/1/2009","2","1","2009","0"
"1012","ny","month","2/1/2009","2","1","2009","0"
"1013","pa","month","2/1/2009","2","1","2009","0"
"1014","tx","month","2/1/2009","2","1","2009","0"
"1015","ca","month","3/1/2009","3","1","2009","5.4"
"1016","fl","month","3/1/2009","3","1","2009","37"
"1017","ma","month","3/1/2009","3","1","2009","0"
"1018","ny","month","3/1/2009","3","1","2009","0"
"1019","pa","month","3/1/2009","3","1","2009","0"
"1020","tx","month","3/1/2009","3","1","2009","8.8"
"1021","ca","month","4/1/2009","4","1","2009","13.5"
"1022","fl","month","4/1/2009","4","1","2009","35.5"
"1023","ma","month","4/1/2009","4","1","2009","7.75"
"1024","ny","month","4/1/2009","4","1","2009","15.75"
"1025","pa","month","4/1/2009","4","1","2009","14.5"
"1026","tx","month","4/1/2009","4","1","2009","15.75"
"10271","ca","month","5/1/2009","5","1","2009","15.8"
"10281","fl","month","5/1/2009","5","1","2009","33"
"10291","ma","month","5/1/2009","5","1","2009","25.6"
"10301","ny","month","5/1/2009","5","1","2009","16"
"10311","pa","month","5/1/2009","5","1","2009","16.4"
"10321","tx","month","5/1/2009","5","1","2009","24.2"
"10331","ca","month","6/1/2009","6","1","2009","21.75"
"10341","fl","month","6/1/2009","6","1","2009","32"
"10351","ma","month","6/1/2009","6","1","2009","38.5"
"10361","ny","month","6/1/2009","6","1","2009","23"
"10371","pa","month","6/1/2009","6","1","2009","25"
"10381","tx","month","6/1/2009","6","1","2009","37.75"
"10391","ca","month","7/1/2009","7","1","2009","28.25"
"10401","fl","month","7/1/2009","7","1","2009","29.25"
"10411","ma","month","7/1/2009","7","1","2009","42.5"
"10421","ny","month","7/1/2009","7","1","2009","30.25"
"10431","pa","month","7/1/2009","7","1","2009","22.75"
"10441","tx","month","7/1/2009","7","1","2009","23.5"
"10451","ca","month","8/1/2009","8","1","2009","11.8"
"10461","fl","month","8/1/2009","8","1","2009","24.2"
"10471","ma","month","8/1/2009","8","1","2009","19.2"
"10481","ny","month","8/1/2009","8","1","2009","16"
"10491","pa","month","8/1/2009","8","1","2009","9.6"
"10501","tx","month","8/1/2009","8","1","2009","15"
"10511","ca","month","9/1/2009","9","1","2009","7"
"10521","fl","month","9/1/2009","9","1","2009","14.75"
"10531","ma","month","9/1/2009","9","1","2009","0"
"10541","ny","month","9/1/2009","9","1","2009","0"
"10551","pa","month","9/1/2009","9","1","2009","0"
"10561","tx","month","9/1/2009","9","1","2009","11"
"10571","ca","month","10/1/2009","10","1","2009","5"
"10581","fl","month","10/1/2009","10","1","2009","0"
"10591","ma","month","10/1/2009","10","1","2009","0"
"10601","ny","month","10/1/2009","10","1","2009","0"
"10611","pa","month","10/1/2009","10","1","2009","0"
"10621","tx","month","10/1/2009","10","1","2009","7.5"
"10631","ca","month","11/1/2009","11","1","2009","2"
"10641","fl","month","11/1/2009","11","1","2009","0"
"10651","ma","month","11/1/2009","11","1","2009","0"
"10661","ny","month","11/1/2009","11","1","2009","0"
"10671","pa","month","11/1/2009","11","1","2009","0"
"10681","tx","month","11/1/2009","11","1","2009","0"
"10691","ca","month","12/1/2009","12","1","2009","0"
"10701","fl","month","12/1/2009","12","1","2009","0"
"10711","ma","month","12/1/2009","12","1","2009","0"
"10721","ny","month","12/1/2009","12","1","2009","0"
"10731","pa","month","12/1/2009","12","1","2009","0"
"10741","tx","month","12/1/2009","12","1","2009","0"
"10751","ca","month","1/1/2010","1","1","2010","0"
"10761","fl","month","1/1/2010","1","1","2010","0"
"10771","il","month","1/1/2010","1","1","2010","0"
"1078","ma","month","1/1/2010","1","1","2010","0"
"1079","ny","month","1/1/2010","1","1","2010","0"
"1080","pa","month","1/1/2010","1","1","2010","0"
"1081","tx","month","1/1/2010","1","1","2010","0"
"1082","va","month","1/1/2010","1","1","2010","0"
"1083","ca","month","2/1/2010","2","1","2010","1"
"1084","fl","month","2/1/2010","2","1","2010","0"
"1085","il","month","2/1/2010","2","1","2010","0"
"1086","ma","month","2/1/2010","2","1","2010","0"
"1087","ny","month","2/1/2010","2","1","2010","0"
"1088","pa","month","2/1/2010","2","1","2010","0"
"1089","tx","month","2/1/2010","2","1","2010","0"
"1090","va","month","2/1/2010","2","1","2010","0"
"1091","ca","month","3/1/2010","3","1","2010","6"
"1092","fl","month","3/1/2010","3","1","2010","30"
"1093","il","month","3/1/2010","3","1","2010","0"
"1094","ma","month","3/1/2010","3","1","2010","5"
"1095","ny","month","3/1/2010","3","1","2010","5.25"
"1096","pa","month","3/1/2010","3","1","2010","3.5"
"1097","tx","month","3/1/2010","3","1","2010","10.5"
"1098","va","month","3/1/2010","3","1","2010","1.5"
"1099","ca","month","4/1/2010","4","1","2010","8"
"1100","fl","month","4/1/2010","4","1","2010","38.25"
"1101","il","month","4/1/2010","4","1","2010","0"
"1102","ma","month","4/1/2010","4","1","2010","21.75"
"1103","ny","month","4/1/2010","4","1","2010","11.25"
"1104","pa","month","4/1/2010","4","1","2010","15.25"
"1105","tx","month","4/1/2010","4","1","2010","16.5"
"1106","va","month","4/1/2010","4","1","2010","8.25"
"1107","ca","month","5/1/2010","5","1","2010","14"
"1108","fl","month","5/1/2010","5","1","2010","42.2"
"1109","il","month","5/1/2010","5","1","2010","15"
"1110","ma","month","5/1/2010","5","1","2010","36.8"
"1111","ny","month","5/1/2010","5","1","2010","26"
"1112","pa","month","5/1/2010","5","1","2010","24.6"
"1113","tx","month","5/1/2010","5","1","2010","29.6"
"1114","va","month","5/1/2010","5","1","2010","12.8"
"1115","ca","month","6/1/2010","6","1","2010","22.5"
"1116","fl","month","6/1/2010","6","1","2010","38.25"
"1117","il","month","6/1/2010","6","1","2010","32.5"
"1118","ma","month","6/1/2010","6","1","2010","35"
"1119","ny","month","6/1/2010","6","1","2010","28.75"
"1120","pa","month","6/1/2010","6","1","2010","31.75"
"1121","tx","month","6/1/2010","6","1","2010","35.25"
"1122","va","month","6/1/2010","6","1","2010","16"
"1123","ca","month","7/1/2010","7","1","2010","20.25"
"1124","fl","month","7/1/2010","7","1","2010","33.5"
"1125","il","month","7/1/2010","7","1","2010","30.5"
"1126","ma","month","7/1/2010","7","1","2010","45.5"
"1127","ny","month","7/1/2010","7","1","2010","30.75"
"1128","pa","month","7/1/2010","7","1","2010","25.5"
"1129","tx","month","7/1/2010","7","1","2010","26.5"
"1130","va","month","7/1/2010","7","1","2010","15"
"1131","ca","month","8/1/2010","8","1","2010","11.8"
"1132","fl","month","8/1/2010","8","1","2010","21.8"
"1133","il","month","8/1/2010","8","1","2010","0"
"1134","ma","month","8/1/2010","8","1","2010","13.6"
"1135","ny","month","8/1/2010","8","1","2010","12.8"
"1136","pa","month","8/1/2010","8","1","2010","9.2"
"1137","tx","month","8/1/2010","8","1","2010","14.6"
"1138","va","month","8/1/2010","8","1","2010","6.4"
"1139","ca","month","9/1/2010","9","1","2010","6"
"1140","fl","month","9/1/2010","9","1","2010","16.25"
"1141","il","month","9/1/2010","9","1","2010","0"
"1142","ma","month","9/1/2010","9","1","2010","0"
"1143","ny","month","9/1/2010","9","1","2010","6.5"
"1144","pa","month","9/1/2010","9","1","2010","0"
"1145","tx","month","9/1/2010","9","1","2010","9.25"
"1146","va","month","9/1/2010","9","1","2010","3.5"
"1147","ca","month","10/1/2010","10","1","2010","4"
"1148","fl","month","10/1/2010","10","1","2010","3"
"1149","il","month","10/1/2010","10","1","2010","0"
"1150","ma","month","10/1/2010","10","1","2010","0"
"1151","ny","month","10/1/2010","10","1","2010","0"
"1152","pa","month","10/1/2010","10","1","2010","0"
"1153","tx","month","10/1/2010","10","1","2010","2"
"1154","va","month","10/1/2010","10","1","2010","0"
"1155","ca","month","11/1/2010","11","1","2010","0.75"
"1156","fl","month","11/1/2010","11","1","2010","0"
"1157","il","month","11/1/2010","11","1","2010","0"
"1158","ma","month","11/1/2010","11","1","2010","0"
"1159","ny","month","11/1/2010","11","1","2010","0"
"1160","pa","month","11/1/2010","11","1","2010","0"
"1161","tx","month","11/1/2010","11","1","2010","0"
"1162","va","month","11/1/2010","11","1","2010","0"
"1163","ca","month","12/1/2010","12","1","2010","0"
"1164","fl","month","12/1/2010","12","1","2010","0"
"1165","il","month","12/1/2010","12","1","2010","0"
"1166","ma","month","12/1/2010","12","1","2010","0"
"1167","ny","month","12/1/2010","12","1","2010","0"
"1168","pa","month","12/1/2010","12","1","2010","0"
"1169","tx","month","12/1/2010","12","1","2010","0"
"1170","va","month","12/1/2010","12","1","2010","0"
"1171","ca","month","1/1/2011","1","1","2011","2.2"
"1172","fl","month","1/1/2011","1","1","2011","1.8"
"1173","ga","month","1/1/2011","1","1","2011","0"
"1174","il","month","1/1/2011","1","1","2011","0"
"1175","ma","month","1/1/2011","1","1","2011","0"
"1176","ny","month","1/1/2011","1","1","2011","4"
"1177","pa","month","1/1/2011","1","1","2011","0"
"1178","tx","month","1/1/2011","1","1","2011","0"
"1179","va","month","1/1/2011","1","1","2011","0"
"1180","ca","month","2/1/2011","2","1","2011","4.25"
"1181","fl","month","2/1/2011","2","1","2011","22"
"1182","ga","month","2/1/2011","2","1","2011","5"
"1183","il","month","2/1/2011","2","1","2011","0"
"1184","ma","month","2/1/2011","2","1","2011","0"
"1185","ny","month","2/1/2011","2","1","2011","4.5"
"1186","pa","month","2/1/2011","2","1","2011","0"
"1187","tx","month","2/1/2011","2","1","2011","4"
"1188","va","month","2/1/2011","2","1","2011","0"
"1189","ca","month","3/1/2011","3","1","2011","10.25"
"1190","fl","month","3/1/2011","3","1","2011","48.75"
"1191","ga","month","3/1/2011","3","1","2011","15.5"
"1192","il","month","3/1/2011","3","1","2011","5.5"
"1193","ma","month","3/1/2011","3","1","2011","0"
"1194","ny","month","3/1/2011","3","1","2011","8.5"
"1195","pa","month","3/1/2011","3","1","2011","3.5"
"1196","tx","month","3/1/2011","3","1","2011","19.25"
"1197","va","month","3/1/2011","3","1","2011","0"
"1198","ca","month","4/1/2011","4","1","2011","24"
"1199","fl","month","4/1/2011","4","1","2011","60"
"1200","ga","month","4/1/2011","4","1","2011","31"
"1201","il","month","4/1/2011","4","1","2011","10.75"
"1202","ma","month","4/1/2011","4","1","2011","6.5"
"1203","ny","month","4/1/2011","4","1","2011","14"
"1204","pa","month","4/1/2011","4","1","2011","10.25"
"1205","tx","month","4/1/2011","4","1","2011","26.25"
"1206","va","month","4/1/2011","4","1","2011","17.25"
"1207","ca","month","5/1/2011","5","1","2011","28.6"
"1208","fl","month","5/1/2011","5","1","2011","44"
"1209","ga","month","5/1/2011","5","1","2011","36"
"1210","il","month","5/1/2011","5","1","2011","32.8"
"1211","ma","month","5/1/2011","5","1","2011","33"
"1212","ny","month","5/1/2011","5","1","2011","36"
"1213","pa","month","5/1/2011","5","1","2011","33.6"
"1214","tx","month","5/1/2011","5","1","2011","35.4"
"1215","va","month","5/1/2011","5","1","2011","30.6"
"1216","ca","month","6/1/2011","6","1","2011","50"
"1217","fl","month","6/1/2011","6","1","2011","43.5"
"1218","ga","month","6/1/2011","6","1","2011","31.25"
"1219","il","month","6/1/2011","6","1","2011","35"
"1220","ma","month","6/1/2011","6","1","2011","39.5"
"1221","ny","month","6/1/2011","6","1","2011","30.75"
"1222","pa","month","6/1/2011","6","1","2011","28.5"
"1223","tx","month","6/1/2011","6","1","2011","48.5"
"1224","va","month","6/1/2011","6","1","2011","31.5"
"1225","ca","month","7/1/2011","7","1","2011","58.4"
"1226","fl","month","7/1/2011","7","1","2011","44.6"
"1227","ga","month","7/1/2011","7","1","2011","27"
"1228","il","month","7/1/2011","7","1","2011","37.2"
"1229","ma","month","7/1/2011","7","1","2011","60.2"
"1230","ny","month","7/1/2011","7","1","2011","42.4"
"1231","pa","month","7/1/2011","7","1","2011","31.8"
"1232","tx","month","7/1/2011","7","1","2011","32.6"
"1233","va","month","7/1/2011","7","1","2011","27.2"
"1234","ca","month","8/1/2011","8","1","2011","25.75"
"1235","fl","month","8/1/2011","8","1","2011","22"
"1236","ga","month","8/1/2011","8","1","2011","12.25"
"1237","il","month","8/1/2011","8","1","2011","14.25"
"1238","ma","month","8/1/2011","8","1","2011","17.5"
"1239","ny","month","8/1/2011","8","1","2011","12.75"
"1240","pa","month","8/1/2011","8","1","2011","11.75"
"1241","tx","month","8/1/2011","8","1","2011","16.75"
"1242","va","month","8/1/2011","8","1","2011","14.25"
"1243","ca","month","9/1/2011","9","1","2011","11"
"1244","fl","month","9/1/2011","9","1","2011","16.25"
"1245","ga","month","9/1/2011","9","1","2011","11"
"1246","il","month","9/1/2011","9","1","2011","3.75"
"1247","ma","month","9/1/2011","9","1","2011","0"
"1248","ny","month","9/1/2011","9","1","2011","6.75"
"1249","pa","month","9/1/2011","9","1","2011","6.25"
"1250","tx","month","9/1/2011","9","1","2011","7.75"
"1251","va","month","9/1/2011","9","1","2011","0"
"1252","ca","month","10/1/2011","10","1","2011","5"
"1253","fl","month","10/1/2011","10","1","2011","8"
"1254","ga","month","10/1/2011","10","1","2011","1.6"
"1255","il","month","10/1/2011","10","1","2011","0"
"1256","ma","month","10/1/2011","10","1","2011","0"
"1257","ny","month","10/1/2011","10","1","2011","3.8"
"1258","pa","month","10/1/2011","10","1","2011","1.2"
"1259","tx","month","10/1/2011","10","1","2011","5.4"
"1260","va","month","10/1/2011","10","1","2011","0"
"1261","ca","month","11/1/2011","11","1","2011","3.5"
"1262","fl","month","11/1/2011","11","1","2011","0"
"1263","ga","month","11/1/2011","11","1","2011","0"
"1264","il","month","11/1/2011","11","1","2011","0"
"1265","ma","month","11/1/2011","11","1","2011","0"
"1266","ny","month","11/1/2011","11","1","2011","2"
"1267","pa","month","11/1/2011","11","1","2011","0"
"1268","tx","month","11/1/2011","11","1","2011","1"
"1269","va","month","11/1/2011","11","1","2011","0"
"1270","ca","month","12/1/2011","12","1","2011","3.75"
"1271","fl","month","12/1/2011","12","1","2011","2"
"1272","ga","month","12/1/2011","12","1","2011","0"
"1273","il","month","12/1/2011","12","1","2011","0"
"1274","ma","month","12/1/2011","12","1","2011","0"
"1275","ny","month","12/1/2011","12","1","2011","1"
"1276","pa","month","12/1/2011","12","1","2011","0"
"1277","tx","month","12/1/2011","12","1","2011","1"
"1278","va","month","12/1/2011","12","1","2011","0"
"1279","ca","month","1/1/2012","1","1","2012","3.4"
"1280","fl","month","1/1/2012","1","1","2012","8"
"1281","ga","month","1/1/2012","1","1","2012","0"
"1282","il","month","1/1/2012","1","1","2012","4"
"1283","ma","month","1/1/2012","1","1","2012","0"
"1284","ny","month","1/1/2012","1","1","2012","3.6"
"1285","pa","month","1/1/2012","1","1","2012","0"
"1286","tx","month","1/1/2012","1","1","2012","4.2"
"1287","va","month","1/1/2012","1","1","2012","0"
"1288","ca","month","2/1/2012","2","1","2012","5"
"1289","fl","month","2/1/2012","2","1","2012","15.25"
"1290","ga","month","2/1/2012","2","1","2012","4.25"
"1291","il","month","2/1/2012","2","1","2012","5"
"1292","ma","month","2/1/2012","2","1","2012","0"
"1293","ny","month","2/1/2012","2","1","2012","4.5"
"1294","pa","month","2/1/2012","2","1","2012","0"
"1295","tx","month","2/1/2012","2","1","2012","5"
"1296","va","month","2/1/2012","2","1","2012","0"
"1297","ca","month","3/1/2012","3","1","2012","8.75"
"1298","fl","month","3/1/2012","3","1","2012","51.75"
"1299","ga","month","3/1/2012","3","1","2012","17.5"
"1300","il","month","3/1/2012","3","1","2012","10.25"
"1301","ma","month","3/1/2012","3","1","2012","12.75"
"1302","ny","month","3/1/2012","3","1","2012","8.75"
"1303","pa","month","3/1/2012","3","1","2012","6.75"
"1304","tx","month","3/1/2012","3","1","2012","21.5"
"1305","va","month","3/1/2012","3","1","2012","7.75"
"1306","ca","month","4/1/2012","4","1","2012","23.2"
"1307","fl","month","4/1/2012","4","1","2012","39.6"
"1308","ga","month","4/1/2012","4","1","2012","23.2"
"1309","il","month","4/1/2012","4","1","2012","9.8"
"1310","ma","month","4/1/2012","4","1","2012","23"
"1311","ny","month","4/1/2012","4","1","2012","10.4"
"1312","pa","month","4/1/2012","4","1","2012","9.2"
"1313","tx","month","4/1/2012","4","1","2012","25.2"
"1314","va","month","4/1/2012","4","1","2012","14"
"1315","ca","month","5/1/2012","5","1","2012","37.75"
"1316","fl","month","5/1/2012","5","1","2012","52.25"
"1317","ga","month","5/1/2012","5","1","2012","37"
"1318","il","month","5/1/2012","5","1","2012","34.25"
"1319","ma","month","5/1/2012","5","1","2012","39.25"
"1320","ny","month","5/1/2012","5","1","2012","37"
"1321","pa","month","5/1/2012","5","1","2012","35.5"
"1322","tx","month","5/1/2012","5","1","2012","47.5"
"1323","va","month","5/1/2012","5","1","2012","39"
"1324","ca","month","6/1/2012","6","1","2012","55"
"1325","fl","month","6/1/2012","6","1","2012","53.75"
"1326","ga","month","6/1/2012","6","1","2012","34"
"1327","il","month","6/1/2012","6","1","2012","43.25"
"1328","ma","month","6/1/2012","6","1","2012","46.5"
"1329","ny","month","6/1/2012","6","1","2012","37.75"
"1330","pa","month","6/1/2012","6","1","2012","35.5"
"1331","tx","month","6/1/2012","6","1","2012","40.5"
"1332","va","month","6/1/2012","6","1","2012","31"
"1333","ca","month","7/1/2012","7","1","2012","51.6"
"1334","fl","month","7/1/2012","7","1","2012","49.2"
"1335","ga","month","7/1/2012","7","1","2012","28.6"
"1336","il","month","7/1/2012","7","1","2012","29.8"
"1337","ma","month","7/1/2012","7","1","2012","47.2"
"1338","ny","month","7/1/2012","7","1","2012","32.4"
"1339","pa","month","7/1/2012","7","1","2012","25"
"1340","tx","month","7/1/2012","7","1","2012","31.6"
"1341","va","month","7/1/2012","7","1","2012","23.2"
"1342","ca","month","8/1/2012","8","1","2012","33"
"1343","fl","month","8/1/2012","8","1","2012","29.25"
"1344","ga","month","8/1/2012","8","1","2012","12.75"
"1345","il","month","8/1/2012","8","1","2012","11.75"
"1346","ma","month","8/1/2012","8","1","2012","21"
"1347","ny","month","8/1/2012","8","1","2012","14.75"
"1348","pa","month","8/1/2012","8","1","2012","13.75"
"1349","tx","month","8/1/2012","8","1","2012","17.75"
"1350","va","month","8/1/2012","8","1","2012","14.25"
"1351","ca","month","9/1/2012","9","1","2012","11.6"
"1352","fl","month","9/1/2012","9","1","2012","18.8"
"1353","ga","month","9/1/2012","9","1","2012","9"
"1354","il","month","9/1/2012","9","1","2012","5"
"1355","ma","month","9/1/2012","9","1","2012","5"
"1356","ny","month","9/1/2012","9","1","2012","5.6"
"1357","pa","month","9/1/2012","9","1","2012","5.8"
"1358","tx","month","9/1/2012","9","1","2012","9.8"
"1359","va","month","9/1/2012","9","1","2012","4"
"1360","ca","month","10/1/2012","10","1","2012","5"
"1361","fl","month","10/1/2012","10","1","2012","10.25"
"1362","ga","month","10/1/2012","10","1","2012","0"
"1363","il","month","10/1/2012","10","1","2012","0"
"1364","ma","month","10/1/2012","10","1","2012","0"
"1365","ny","month","10/1/2012","10","1","2012","3.5"
"1366","pa","month","10/1/2012","10","1","2012","3.75"
"1367","tx","month","10/1/2012","10","1","2012","5.25"
"1368","va","month","10/1/2012","10","1","2012","0"
"1369","ca","month","11/1/2012","11","1","2012","3.25"
"1370","fl","month","11/1/2012","11","1","2012","6"
"1371","ga","month","11/1/2012","11","1","2012","0"
"1372","il","month","11/1/2012","11","1","2012","1"
"1373","ma","month","11/1/2012","11","1","2012","0"
"1374","ny","month","11/1/2012","11","1","2012","3.25"
"1375","pa","month","11/1/2012","11","1","2012","0"
"1376","tx","month","11/1/2012","11","1","2012","3.5"
"1377","va","month","11/1/2012","11","1","2012","0"
"1378","ca","month","12/1/2012","12","1","2012","3.4"
"1379","fl","month","12/1/2012","12","1","2012","7.2"
"1380","ga","month","12/1/2012","12","1","2012","0"
"1381","il","month","12/1/2012","12","1","2012","0"
"1382","ma","month","12/1/2012","12","1","2012","0"
"1383","ny","month","12/1/2012","12","1","2012","3.2"
"1384","pa","month","12/1/2012","12","1","2012","0"
"1385","tx","month","12/1/2012","12","1","2012","3.6"
"1386","va","month","12/1/2012","12","1","2012","0"
"1387","ca","month","1/1/2013","1","1","2013","3.5"
"1388","fl","month","1/1/2013","1","1","2013","9"
"1389","ga","month","1/1/2013","1","1","2013","0"
"1390","il","month","1/1/2013","1","1","2013","0"
"1391","ma","month","1/1/2013","1","1","2013","0"
"1392","nv","month","1/1/2013","1","1","2013","0"
"1393","ny","month","1/1/2013","1","1","2013","3.25"
"1394","pa","month","1/1/2013","1","1","2013","0"
"1395","tx","month","1/1/2013","1","1","2013","4.25"
"1396","ut","month","1/1/2013","1","1","2013","0"
"1397","va","month","1/1/2013","1","1","2013","0"
"1398","ca","month","2/1/2013","2","1","2013","6.25"
"1399","fl","month","2/1/2013","2","1","2013","18.25"
"1400","ga","month","2/1/2013","2","1","2013","4.75"
"1401","il","month","2/1/2013","2","1","2013","5"
"1402","ma","month","2/1/2013","2","1","2013","3.75"
"1403","nv","month","2/1/2013","2","1","2013","0"
"1404","ny","month","2/1/2013","2","1","2013","4.5"
"1405","pa","month","2/1/2013","2","1","2013","3.5"
"1406","tx","month","2/1/2013","2","1","2013","4.5"
"1407","ut","month","2/1/2013","2","1","2013","0"
"1408","va","month","2/1/2013","2","1","2013","0"
"1409","ca","month","3/1/2013","3","1","2013","14.8"
"1410","fl","month","3/1/2013","3","1","2013","66.2"
"1411","ga","month","3/1/2013","3","1","2013","16"
"1412","il","month","3/1/2013","3","1","2013","7"
"1413","ma","month","3/1/2013","3","1","2013","8.8"
"1414","nv","month","3/1/2013","3","1","2013","0"
"1415","ny","month","3/1/2013","3","1","2013","7.6"
"1416","pa","month","3/1/2013","3","1","2013","5.8"
"1417","tx","month","3/1/2013","3","1","2013","19.6"
"1418","ut","month","3/1/2013","3","1","2013","0"
"1419","va","month","3/1/2013","3","1","2013","7.6"
"1420","ca","month","4/1/2013","4","1","2013","25.5"
"1421","fl","month","4/1/2013","4","1","2013","63.25"
"1422","ga","month","4/1/2013","4","1","2013","36"
"1423","il","month","4/1/2013","4","1","2013","10.5"
"1424","ma","month","4/1/2013","4","1","2013","19.75"
"1425","nv","month","4/1/2013","4","1","2013","25.25"
"1426","ny","month","4/1/2013","4","1","2013","13.25"
"1427","pa","month","4/1/2013","4","1","2013","14.25"
"1428","tx","month","4/1/2013","4","1","2013","25.5"
"1429","ut","month","4/1/2013","4","1","2013","16.25"
"1430","va","month","4/1/2013","4","1","2013","22.25"
"1431","ca","month","5/1/2013","5","1","2013","32"
"1432","fl","month","5/1/2013","5","1","2013","64.25"
"1433","ga","month","5/1/2013","5","1","2013","42"
"1434","il","month","5/1/2013","5","1","2013","22.5"
"1435","ma","month","5/1/2013","5","1","2013","25.5"
"1436","nv","month","5/1/2013","5","1","2013","47"
"1437","ny","month","5/1/2013","5","1","2013","23"
"1438","pa","month","5/1/2013","5","1","2013","27.25"
"1439","tx","month","5/1/2013","5","1","2013","40"
"1440","ut","month","5/1/2013","5","1","2013","56"
"1441","va","month","5/1/2013","5","1","2013","22"
"1442","ca","month","6/1/2013","6","1","2013","53.2"
"1443","fl","month","6/1/2013","6","1","2013","63"
"1444","ga","month","6/1/2013","6","1","2013","42.8"
"1445","il","month","6/1/2013","6","1","2013","36.8"
"1446","ma","month","6/1/2013","6","1","2013","65.4"
"1447","nv","month","6/1/2013","6","1","2013","45.6"
"1448","ny","month","6/1/2013","6","1","2013","50.2"
"1449","pa","month","6/1/2013","6","1","2013","47.6"
"1450","tx","month","6/1/2013","6","1","2013","50.2"
"1451","ut","month","6/1/2013","6","1","2013","68"
"1452","va","month","6/1/2013","6","1","2013","47.4"
"1453","ca","month","7/1/2013","7","1","2013","43.5"
"1454","fl","month","7/1/2013","7","1","2013","56.5"
"1455","ga","month","7/1/2013","7","1","2013","28.75"
"1456","il","month","7/1/2013","7","1","2013","36"
"1457","ma","month","7/1/2013","7","1","2013","52.25"
"1458","nv","month","7/1/2013","7","1","2013","30.25"
"1459","ny","month","7/1/2013","7","1","2013","44.25"
"1460","pa","month","7/1/2013","7","1","2013","31.25"
"1461","tx","month","7/1/2013","7","1","2013","29.25"
"1462","ut","month","7/1/2013","7","1","2013","33.75"
"1463","va","month","7/1/2013","7","1","2013","35.75"
"1464","ca","month","8/1/2013","8","1","2013","25.25"
"1465","fl","month","8/1/2013","8","1","2013","35.75"
"1466","ga","month","8/1/2013","8","1","2013","14.75"
"1467","il","month","8/1/2013","8","1","2013","13"
"1468","ma","month","8/1/2013","8","1","2013","20.25"
"1469","nv","month","8/1/2013","8","1","2013","26.25"
"1470","ny","month","8/1/2013","8","1","2013","14.25"
"1471","pa","month","8/1/2013","8","1","2013","12.25"
"1472","tx","month","8/1/2013","8","1","2013","19.25"
"1473","ut","month","8/1/2013","8","1","2013","5.25"
"1474","va","month","8/1/2013","8","1","2013","16"
"1475","ca","month","9/1/2013","9","1","2013","13.4"
"1476","fl","month","9/1/2013","9","1","2013","15"
"1477","ga","month","9/1/2013","9","1","2013","8.2"
"1478","il","month","9/1/2013","9","1","2013","5.8"
"1479","ma","month","9/1/2013","9","1","2013","3.4"
"1480","nv","month","9/1/2013","9","1","2013","4.2"
"1481","ny","month","9/1/2013","9","1","2013","5.2"
"1482","pa","month","9/1/2013","9","1","2013","6"
"1483","tx","month","9/1/2013","9","1","2013","8"
"1484","ut","month","9/1/2013","9","1","2013","0"
"1485","va","month","9/1/2013","9","1","2013","5.2"
"1486","ca","month","10/1/2013","10","1","2013","4.5"
"1487","fl","month","10/1/2013","10","1","2013","9"
"1488","ga","month","10/1/2013","10","1","2013","4.25"
"1489","il","month","10/1/2013","10","1","2013","0"
"1490","ma","month","10/1/2013","10","1","2013","0"
"1491","nv","month","10/1/2013","10","1","2013","0"
"1492","ny","month","10/1/2013","10","1","2013","3.5"
"1493","pa","month","10/1/2013","10","1","2013","1.25"
"1494","tx","month","10/1/2013","10","1","2013","4.75"
"1495","ut","month","10/1/2013","10","1","2013","0"
"1496","va","month","10/1/2013","10","1","2013","0"
"1497","ca","month","11/1/2013","11","1","2013","3"
"1498","fl","month","11/1/2013","11","1","2013","5"
"1499","ga","month","11/1/2013","11","1","2013","0"
"1500","il","month","11/1/2013","11","1","2013","0"
"1501","ma","month","11/1/2013","11","1","2013","0"
"1502","nv","month","11/1/2013","11","1","2013","0"
"1503","ny","month","11/1/2013","11","1","2013","3"
"1504","pa","month","11/1/2013","11","1","2013","1"
"1505","tx","month","11/1/2013","11","1","2013","2.5"
"1506","ut","month","11/1/2013","11","1","2013","0"
"1507","va","month","11/1/2013","11","1","2013","0"
"1508","ca","month","12/1/2013","12","1","2013","3"
"1509","fl","month","12/1/2013","12","1","2013","5.6"
"1510","ga","month","12/1/2013","12","1","2013","0"
"1511","il","month","12/1/2013","12","1","2013","0"
"1512","ma","month","12/1/2013","12","1","2013","0"
"1513","nv","month","12/1/2013","12","1","2013","0"
"1514","ny","month","12/1/2013","12","1","2013","3"
"1515","pa","month","12/1/2013","12","1","2013","0"
"1516","tx","month","12/1/2013","12","1","2013","0.6"
"1517","ut","month","12/1/2013","12","1","2013","0"
"1518","va","month","12/1/2013","12","1","2013","0"
"1519","ca","month","1/1/2014","1","1","2014","3.25"
"1520","fl","month","1/1/2014","1","1","2014","5.5"
"1521","ga","month","1/1/2014","1","1","2014","0"
"1522","il","month","1/1/2014","1","1","2014","4.75"
"1523","ma","month","1/1/2014","1","1","2014","0"
"1524","nv","month","1/1/2014","1","1","2014","0"
"1525","ny","month","1/1/2014","1","1","2014","2.75"
"1526","pa","month","1/1/2014","1","1","2014","0"
"1527","tx","month","1/1/2014","1","1","2014","3.25"
"1528","ut","month","1/1/2014","1","1","2014","0"
"1529","va","month","1/1/2014","1","1","2014","0"
"1530","ca","month","2/1/2014","2","1","2014","4"
"1531","fl","month","2/1/2014","2","1","2014","13.75"
"1532","ga","month","2/1/2014","2","1","2014","2.75"
"1533","il","month","2/1/2014","2","1","2014","5.25"
"1534","ma","month","2/1/2014","2","1","2014","0"
"1535","nv","month","2/1/2014","2","1","2014","0"
"1536","ny","month","2/1/2014","2","1","2014","3.5"
"1537","pa","month","2/1/2014","2","1","2014","2"
"1538","tx","month","2/1/2014","2","1","2014","4.5"
"1539","ut","month","2/1/2014","2","1","2014","0"
"1540","va","month","2/1/2014","2","1","2014","0"
"1541","ca","month","3/1/2014","3","1","2014","11.8"
"1542","fl","month","3/1/2014","3","1","2014","66.2"
"1543","ga","month","3/1/2014","3","1","2014","14.4"
"1544","il","month","3/1/2014","3","1","2014","6.6"
"1545","ma","month","3/1/2014","3","1","2014","6.6"
"1546","nv","month","3/1/2014","3","1","2014","15"
"1547","ny","month","3/1/2014","3","1","2014","5.6"
"1548","pa","month","3/1/2014","3","1","2014","4.8"
"1549","tx","month","3/1/2014","3","1","2014","15.8"
"1550","ut","month","3/1/2014","3","1","2014","0"
"1551","va","month","3/1/2014","3","1","2014","6.4"
"1552","ca","month","4/1/2014","4","1","2014","20.5"
"1553","fl","month","4/1/2014","4","1","2014","70"
"1554","ga","month","4/1/2014","4","1","2014","25"
"1555","il","month","4/1/2014","4","1","2014","12.25"
"1556","ma","month","4/1/2014","4","1","2014","13"
"1557","nv","month","4/1/2014","4","1","2014","26.5"
"1558","ny","month","4/1/2014","4","1","2014","11.5"
"1559","pa","month","4/1/2014","4","1","2014","12.25"
"1560","tx","month","4/1/2014","4","1","2014","24"
"1561","ut","month","4/1/2014","4","1","2014","29.25"
"1562","va","month","4/1/2014","4","1","2014","14"
"1563","ca","month","5/1/2014","5","1","2014","37"
"1564","fl","month","5/1/2014","5","1","2014","59.5"
"1565","ga","month","5/1/2014","5","1","2014","36.75"
"1566","il","month","5/1/2014","5","1","2014","29.5"
"1567","ma","month","5/1/2014","5","1","2014","21.25"
"1568","nv","month","5/1/2014","5","1","2014","34.25"
"1569","ny","month","5/1/2014","5","1","2014","24"
"1570","pa","month","5/1/2014","5","1","2014","21.5"
"1571","tx","month","5/1/2014","5","1","2014","38"
"1572","ut","month","5/1/2014","5","1","2014","44.25"
"1573","va","month","5/1/2014","5","1","2014","24.75"
"1574","ca","month","6/1/2014","6","1","2014","58.6"
"1575","fl","month","6/1/2014","6","1","2014","71.8"
"1576","ga","month","6/1/2014","6","1","2014","45.8"
"1577","il","month","6/1/2014","6","1","2014","50"
"1578","ma","month","6/1/2014","6","1","2014","66.6"
"1579","nv","month","6/1/2014","6","1","2014","50"
"1580","ny","month","6/1/2014","6","1","2014","52.8"
"1581","pa","month","6/1/2014","6","1","2014","50.6"
"1582","tx","month","6/1/2014","6","1","2014","63.2"
"1583","ut","month","6/1/2014","6","1","2014","63"
"1584","va","month","6/1/2014","6","1","2014","41.2"
"1585","ca","month","7/1/2014","7","1","2014","57.5"
"1586","fl","month","7/1/2014","7","1","2014","55.5"
"1587","ga","month","7/1/2014","7","1","2014","31.5"
"1588","il","month","7/1/2014","7","1","2014","27.25"
"1589","ma","month","7/1/2014","7","1","2014","42.25"
"1590","nv","month","7/1/2014","7","1","2014","41.5"
"1591","ny","month","7/1/2014","7","1","2014","31.75"
"1592","pa","month","7/1/2014","7","1","2014","26.5"
"1593","tx","month","7/1/2014","7","1","2014","39.75"
"1594","ut","month","7/1/2014","7","1","2014","48.25"
"1595","va","month","7/1/2014","7","1","2014","19.25"
"1596","ca","month","8/1/2014","8","1","2014","28"
"1597","fl","month","8/1/2014","8","1","2014","33.2"
"1598","ga","month","8/1/2014","8","1","2014","13.6"
"1599","il","month","8/1/2014","8","1","2014","12.4"
"1600","ma","month","8/1/2014","8","1","2014","19.6"
"1601","nv","month","8/1/2014","8","1","2014","24.6"
"1602","ny","month","8/1/2014","8","1","2014","16.2"
"1603","pa","month","8/1/2014","8","1","2014","12"
"1604","tx","month","8/1/2014","8","1","2014","19.8"
"1605","ut","month","8/1/2014","8","1","2014","7.6"
"1606","va","month","8/1/2014","8","1","2014","9"
"1607","ca","month","9/1/2014","9","1","2014","11.25"
"1608","fl","month","9/1/2014","9","1","2014","12.75"
"1609","ga","month","9/1/2014","9","1","2014","5.25"
"1610","il","month","9/1/2014","9","1","2014","3.75"
"1611","ma","month","9/1/2014","9","1","2014","9"
"1612","nv","month","9/1/2014","9","1","2014","0"
"1613","ny","month","9/1/2014","9","1","2014","4.75"
"1614","pa","month","9/1/2014","9","1","2014","5.5"
"1615","tx","month","9/1/2014","9","1","2014","6.75"
"1616","ut","month","9/1/2014","9","1","2014","0"
"1617","va","month","9/1/2014","9","1","2014","5.25"
"1618","ca","month","10/1/2014","10","1","2014","4.75"
"1619","fl","month","10/1/2014","10","1","2014","9.25"
"1620","ga","month","10/1/2014","10","1","2014","0"
"1621","il","month","10/1/2014","10","1","2014","0"
"1622","ma","month","10/1/2014","10","1","2014","0"
"1623","nv","month","10/1/2014","10","1","2014","0"
"1624","ny","month","10/1/2014","10","1","2014","3.25"
"1625","pa","month","10/1/2014","10","1","2014","0"
"1626","tx","month","10/1/2014","10","1","2014","4.5"
"1627","ut","month","10/1/2014","10","1","2014","0"
"1628","va","month","10/1/2014","10","1","2014","3.25"
"1629","ca","month","11/1/2014","11","1","2014","3.4"
"1630","fl","month","11/1/2014","11","1","2014","3.6"
"1631","ga","month","11/1/2014","11","1","2014","0"
"1632","il","month","11/1/2014","11","1","2014","0"
"1633","ma","month","11/1/2014","11","1","2014","0"
"1634","nv","month","11/1/2014","11","1","2014","0"
"1635","ny","month","11/1/2014","11","1","2014","3"
"1636","pa","month","11/1/2014","11","1","2014","0"
"1637","tx","month","11/1/2014","11","1","2014","4.4"
"1638","ut","month","11/1/2014","11","1","2014","0"
"1639","va","month","11/1/2014","11","1","2014","4"
"1640","ca","month","12/1/2014","12","1","2014","3.5"
"1641","fl","month","12/1/2014","12","1","2014","2.75"
"1642","ga","month","12/1/2014","12","1","2014","0"
"1643","il","month","12/1/2014","12","1","2014","0"
"1644","ma","month","12/1/2014","12","1","2014","0"
"1645","nv","month","12/1/2014","12","1","2014","0"
"1646","ny","month","12/1/2014","12","1","2014","3"
"1647","pa","month","12/1/2014","12","1","2014","0"
"1648","tx","month","12/1/2014","12","1","2014","4"
"1649","ut","month","12/1/2014","12","1","2014","0"
"1650","va","month","12/1/2014","12","1","2014","4.75"
"1651","ca","month","1/1/2015","1","1","2015","3.75"
"1652","fl","month","1/1/2015","1","1","2015","8"
"1653","ga","month","1/1/2015","1","1","2015","0"
"1654","il","month","1/1/2015","1","1","2015","0"
"1655","ma","month","1/1/2015","1","1","2015","0"
"1656","ne","month","1/1/2015","1","1","2015","0"
"1657","nv","month","1/1/2015","1","1","2015","0"
"1658","ny","month","1/1/2015","1","1","2015","3"
"1659","pa","month","1/1/2015","1","1","2015","0"
"1660","tx","month","1/1/2015","1","1","2015","3.5"
"1661","ut","month","1/1/2015","1","1","2015","0"
"1662","va","month","1/1/2015","1","1","2015","3"
"1663","ca","month","2/1/2015","2","1","2015","5"
"1664","fl","month","2/1/2015","2","1","2015","8.25"
"1665","ga","month","2/1/2015","2","1","2015","1.5"
"1666","il","month","2/1/2015","2","1","2015","0"
"1667","ma","month","2/1/2015","2","1","2015","0"
"1668","ne","month","2/1/2015","2","1","2015","0"
"1669","nv","month","2/1/2015","2","1","2015","0"
"1670","ny","month","2/1/2015","2","1","2015","3.75"
"1671","pa","month","2/1/2015","2","1","2015","1.75"
"1672","tx","month","2/1/2015","2","1","2015","4"
"1673","ut","month","2/1/2015","2","1","2015","0"
"1674","va","month","2/1/2015","2","1","2015","3.25"
"1675","ca","month","3/1/2015","3","1","2015","14.4"
"1676","fl","month","3/1/2015","3","1","2015","66.8"
"1677","ga","month","3/1/2015","3","1","2015","14"
"1678","il","month","3/1/2015","3","1","2015","6"
"1679","ma","month","3/1/2015","3","1","2015","4"
"1680","ne","month","3/1/2015","3","1","2015","0"
"1681","nv","month","3/1/2015","3","1","2015","0"
"1682","ny","month","3/1/2015","3","1","2015","8.4"
"1683","pa","month","3/1/2015","3","1","2015","6.6"
"1684","tx","month","3/1/2015","3","1","2015","14.6"
"1685","ut","month","3/1/2015","3","1","2015","15.6"
"1686","va","month","3/1/2015","3","1","2015","4"
"1687","ca","month","4/1/2015","4","1","2015","16.25"
"1688","fl","month","4/1/2015","4","1","2015","60"
"1689","ga","month","4/1/2015","4","1","2015","20.25"
"1690","il","month","4/1/2015","4","1","2015","11.75"
"1691","ma","month","4/1/2015","4","1","2015","15"
"1692","ne","month","4/1/2015","4","1","2015","0"
"1693","nv","month","4/1/2015","4","1","2015","0"
"1694","ny","month","4/1/2015","4","1","2015","16"
"1695","pa","month","4/1/2015","4","1","2015","13.25"
"1696","tx","month","4/1/2015","4","1","2015","17.25"
"1697","ut","month","4/1/2015","4","1","2015","30.75"
"1698","va","month","4/1/2015","4","1","2015","8.75"
"1699","ca","month","5/1/2015","5","1","2015","22.6"
"1700","fl","month","5/1/2015","5","1","2015","59.8"
"1701","ga","month","5/1/2015","5","1","2015","38.6"
"1702","il","month","5/1/2015","5","1","2015","21.8"
"1703","ma","month","5/1/2015","5","1","2015","32"
"1704","ne","month","5/1/2015","5","1","2015","10.2"
"1705","nv","month","5/1/2015","5","1","2015","13"
"1706","ny","month","5/1/2015","5","1","2015","30"
"1707","pa","month","5/1/2015","5","1","2015","28"
"1708","tx","month","5/1/2015","5","1","2015","26.2"
"1709","ut","month","5/1/2015","5","1","2015","43.8"
"1710","va","month","5/1/2015","5","1","2015","18.6"
"1711","ca","month","6/1/2015","6","1","2015","63.25"
"1712","fl","month","6/1/2015","6","1","2015","68.25"
"1713","ga","month","6/1/2015","6","1","2015","53"
"1714","il","month","6/1/2015","6","1","2015","39.25"
"1715","ma","month","6/1/2015","6","1","2015","40.75"
"1716","ne","month","6/1/2015","6","1","2015","65.5"
"1717","nv","month","6/1/2015","6","1","2015","44.5"
"1718","ny","month","6/1/2015","6","1","2015","40.75"
"1719","pa","month","6/1/2015","6","1","2015","31.5"
"1720","tx","month","6/1/2015","6","1","2015","59.75"
"1721","ut","month","6/1/2015","6","1","2015","75.75"
"1722","va","month","6/1/2015","6","1","2015","22"
"1723","ca","month","7/1/2015","7","1","2015","55.75"
"1724","fl","month","7/1/2015","7","1","2015","54.5"
"1725","ga","month","7/1/2015","7","1","2015","40.75"
"1726","il","month","7/1/2015","7","1","2015","42.75"
"1727","ma","month","7/1/2015","7","1","2015","49"
"1728","ne","month","7/1/2015","7","1","2015","47.75"
"1729","nv","month","7/1/2015","7","1","2015","40.75"
"1730","ny","month","7/1/2015","7","1","2015","41.5"
"1731","pa","month","7/1/2015","7","1","2015","34"
"1732","tx","month","7/1/2015","7","1","2015","55"
"1733","ut","month","7/1/2015","7","1","2015","54"
"1734","va","month","7/1/2015","7","1","2015","31"
"1735","ca","month","8/1/2015","8","1","2015","35.6"
"1736","fl","month","8/1/2015","8","1","2015","32.6"
"1737","ga","month","8/1/2015","8","1","2015","15.4"
"1738","il","month","8/1/2015","8","1","2015","17.4"
"1739","ma","month","8/1/2015","8","1","2015","25.8"
"1740","ne","month","8/1/2015","8","1","2015","11.6"
"1741","nv","month","8/1/2015","8","1","2015","18.2"
"1742","ny","month","8/1/2015","8","1","2015","20.2"
"1743","pa","month","8/1/2015","8","1","2015","14.2"
"1744","tx","month","8/1/2015","8","1","2015","20.8"
"1745","ut","month","8/1/2015","8","1","2015","21.2"
"1746","va","month","8/1/2015","8","1","2015","15"
"1747","ca","month","9/1/2015","9","1","2015","13.5"
"1748","fl","month","9/1/2015","9","1","2015","14.5"
"1749","ga","month","9/1/2015","9","1","2015","8"
"1750","il","month","9/1/2015","9","1","2015","7"
"1751","ma","month","9/1/2015","9","1","2015","3.75"
"1752","ne","month","9/1/2015","9","1","2015","0"
"1753","nv","month","9/1/2015","9","1","2015","0"
"1754","ny","month","9/1/2015","9","1","2015","6.75"
"1755","pa","month","9/1/2015","9","1","2015","5.25"
"1756","tx","month","9/1/2015","9","1","2015","11.25"
"1757","ut","month","9/1/2015","9","1","2015","0"
"1758","va","month","9/1/2015","9","1","2015","2.5"
"1759","ca","month","10/1/2015","10","1","2015","5.5"
"1760","fl","month","10/1/2015","10","1","2015","9"
"1761","ga","month","10/1/2015","10","1","2015","4.5"
"1762","il","month","10/1/2015","10","1","2015","4"
"1763","ma","month","10/1/2015","10","1","2015","0"
"1764","ne","month","10/1/2015","10","1","2015","0"
"1765","nv","month","10/1/2015","10","1","2015","0"
"1766","ny","month","10/1/2015","10","1","2015","3"
"1767","pa","month","10/1/2015","10","1","2015","0"
"1768","tx","month","10/1/2015","10","1","2015","5"
"1769","ut","month","10/1/2015","10","1","2015","0"
"1770","va","month","10/1/2015","10","1","2015","0"
"1771","ca","month","11/1/2015","11","1","2015","3.6"
"1772","fl","month","11/1/2015","11","1","2015","7.2"
"1773","ga","month","11/1/2015","11","1","2015","0"
"1774","il","month","11/1/2015","11","1","2015","3"
"1775","ma","month","11/1/2015","11","1","2015","0"
"1776","ne","month","11/1/2015","11","1","2015","0"
"1777","nv","month","11/1/2015","11","1","2015","0"
"1778","ny","month","11/1/2015","11","1","2015","3"
"1779","pa","month","11/1/2015","11","1","2015","0"
"1780","tx","month","11/1/2015","11","1","2015","3.4"
"1781","ut","month","11/1/2015","11","1","2015","0"
"1782","va","month","11/1/2015","11","1","2015","0"
"1783","ca","month","12/1/2015","12","1","2015","3.25"
"1784","fl","month","12/1/2015","12","1","2015","7.25"
"1785","ga","month","12/1/2015","12","1","2015","0"
"1786","il","month","12/1/2015","12","1","2015","0"
"1787","ma","month","12/1/2015","12","1","2015","0"
"1788","ne","month","12/1/2015","12","1","2015","0"
"1789","nv","month","12/1/2015","12","1","2015","0"
"1790","ny","month","12/1/2015","12","1","2015","3.75"
"1791","pa","month","12/1/2015","12","1","2015","0"
"1792","tx","month","12/1/2015","12","1","2015","4.5"
"1793","ut","month","12/1/2015","12","1","2015","0"
"1794","va","month","12/1/2015","12","1","2015","0"
"1795","ca","month","1/1/2016","1","1","2016","3.6"
"1796","fl","month","1/1/2016","1","1","2016","5.4"
"1797","ga","month","1/1/2016","1","1","2016","1.2"
"1798","il","month","1/1/2016","1","1","2016","0"
"1799","ma","month","1/1/2016","1","1","2016","0"
"1800","ne","month","1/1/2016","1","1","2016","0"
"1801","nv","month","1/1/2016","1","1","2016","0"
"1802","ny","month","1/1/2016","1","1","2016","3.6"
"1803","pa","month","1/1/2016","1","1","2016","0"
"1804","tx","month","1/1/2016","1","1","2016","3.2"
"1805","ut","month","1/1/2016","1","1","2016","0"
"1806","va","month","1/1/2016","1","1","2016","0"
"1807","ca","month","2/1/2016","2","1","2016","6.5"
"1808","fl","month","2/1/2016","2","1","2016","15.75"
"1809","ga","month","2/1/2016","2","1","2016","5.75"
"1810","il","month","2/1/2016","2","1","2016","4.5"
"1811","ma","month","2/1/2016","2","1","2016","0"
"1812","ne","month","2/1/2016","2","1","2016","0"
"1813","nv","month","2/1/2016","2","1","2016","0"
"1814","ny","month","2/1/2016","2","1","2016","3.75"
"1815","pa","month","2/1/2016","2","1","2016","1"
"1816","tx","month","2/1/2016","2","1","2016","5.25"
"1817","ut","month","2/1/2016","2","1","2016","0"
"1818","va","month","2/1/2016","2","1","2016","0"
"1819","ca","month","3/1/2016","3","1","2016","8"
"1820","fl","month","3/1/2016","3","1","2016","63"
"1821","ga","month","3/1/2016","3","1","2016","15"
"18221","il","month","3/1/2016","3","1","2016","0"
"18231","ma","month","3/1/2016","3","1","2016","0"
"18241","ne","month","3/1/2016","3","1","2016","0"
"18251","nv","month","3/1/2016","3","1","2016","0"
"18261","ny","month","3/1/2016","3","1","2016","7"
"18271","pa","month","3/1/2016","3","1","2016","0"
"18281","tx","month","3/1/2016","3","1","2016","14"
"18291","ut","month","3/1/2016","3","1","2016","0"
"18301","va","month","3/1/2016","3","1","2016","0"
